/*
 * i. Заполнить все таблицы БД vk данными (по 10-100 записей в каждой таблице)
 */



DROP DATABASE IF EXISTS vk;
CREATE DATABASE vk;
USE vk;

-- Generation time: Mon, 10 Feb 2020 19:57:27 +0000
-- Host: mysql.hostinger.ro
-- DB name: u574849695_22
/*!40030 SET NAMES UTF8 */;
/*!40101 SET @OLD_CHARACTER_SET_CLIENT=@@CHARACTER_SET_CLIENT */;
/*!40101 SET @OLD_CHARACTER_SET_RESULTS=@@CHARACTER_SET_RESULTS */;
/*!40101 SET @OLD_COLLATION_CONNECTION=@@COLLATION_CONNECTION */;
/*!40103 SET @OLD_TIME_ZONE=@@TIME_ZONE */;
/*!40103 SET TIME_ZONE='+00:00' */;
/*!40014 SET @OLD_UNIQUE_CHECKS=@@UNIQUE_CHECKS, UNIQUE_CHECKS=0 */;
/*!40014 SET @OLD_FOREIGN_KEY_CHECKS=@@FOREIGN_KEY_CHECKS, FOREIGN_KEY_CHECKS=0 */;
/*!40101 SET @OLD_SQL_MODE=@@SQL_MODE, SQL_MODE='NO_AUTO_VALUE_ON_ZERO' */;
/*!40111 SET @OLD_SQL_NOTES=@@SQL_NOTES, SQL_NOTES=0 */;

DROP TABLE IF EXISTS `communities`;
CREATE TABLE `communities` (
  `id` bigint(20) unsigned NOT NULL AUTO_INCREMENT,
  `name` varchar(150) COLLATE utf8_unicode_ci DEFAULT NULL,
  PRIMARY KEY (`id`),
  KEY `communities_name_idx` (`name`)
) ENGINE=InnoDB AUTO_INCREMENT=101 DEFAULT CHARSET=utf8 COLLATE=utf8_unicode_ci;

INSERT INTO `communities` VALUES ('14','accusamus'),
('99','accusamus'),
('89','adipisci'),
('44','alias'),
('50','aperiam'),
('25','aspernatur'),
('19','aut'),
('91','aut'),
('37','autem'),
('59','commodi'),
('15','consequatur'),
('94','consequatur'),
('97','corporis'),
('55','cum'),
('11','cumque'),
('83','deleniti'),
('5','dicta'),
('70','dicta'),
('10','dolor'),
('38','doloribus'),
('12','ea'),
('51','ea'),
('65','ea'),
('57','earum'),
('56','eligendi'),
('78','enim'),
('46','eos'),
('45','esse'),
('27','est'),
('48','est'),
('8','et'),
('18','et'),
('26','et'),
('54','et'),
('60','et'),
('79','et'),
('87','et'),
('49','eum'),
('2','eveniet'),
('93','fuga'),
('95','id'),
('6','illum'),
('47','ipsam'),
('4','ipsum'),
('85','ipsum'),
('3','itaque'),
('75','iusto'),
('29','labore'),
('34','laboriosam'),
('28','laborum'),
('82','laborum'),
('64','laudantium'),
('13','magnam'),
('53','minus'),
('77','minus'),
('33','molestiae'),
('61','molestiae'),
('32','nam'),
('88','natus'),
('52','nihil'),
('76','nihil'),
('71','nisi'),
('39','nobis'),
('92','non'),
('96','non'),
('40','occaecati'),
('43','officiis'),
('73','omnis'),
('24','placeat'),
('86','placeat'),
('35','porro'),
('72','possimus'),
('81','quaerat'),
('80','quam'),
('21','qui'),
('58','quia'),
('20','quibusdam'),
('36','quidem'),
('68','quis'),
('74','ratione'),
('63','recusandae'),
('17','repudiandae'),
('31','sapiente'),
('23','sed'),
('84','sequi'),
('62','sint'),
('66','sint'),
('42','sit'),
('98','sit'),
('22','soluta'),
('7','ullam'),
('9','ut'),
('30','ut'),
('90','ut'),
('100','ut'),
('41','vel'),
('69','velit'),
('16','voluptas'),
('1','voluptatem'),
('67','voluptatem'); 


DROP TABLE IF EXISTS `friend_requests`;
CREATE TABLE `friend_requests` (
  `initiator_user_id` bigint(20) unsigned NOT NULL,
  `target_user_id` bigint(20) unsigned NOT NULL,
  `status` enum('requested','approved','unfriended','declined') COLLATE utf8_unicode_ci DEFAULT NULL,
  `requested_at` datetime DEFAULT current_timestamp(),
  `confirmed_at` datetime DEFAULT NULL,
  PRIMARY KEY (`initiator_user_id`,`target_user_id`),
  KEY `initiator_user_id` (`initiator_user_id`),
  KEY `target_user_id` (`target_user_id`),
  CONSTRAINT `friend_requests_ibfk_1` FOREIGN KEY (`initiator_user_id`) REFERENCES `users` (`id`),
  CONSTRAINT `friend_requests_ibfk_2` FOREIGN KEY (`target_user_id`) REFERENCES `users` (`id`)
) ENGINE=InnoDB DEFAULT CHARSET=utf8 COLLATE=utf8_unicode_ci;

INSERT INTO `friend_requests` VALUES ('1','1','','2016-04-03 15:27:50','2002-12-27 18:26:47'),
('2','2','','1993-06-02 12:05:30','1970-10-07 08:47:38'),
('3','3','','2016-09-16 02:20:49','1980-02-15 19:33:44'),
('4','4','','1988-03-30 01:58:59','2002-12-11 20:13:21'),
('5','5','','1970-08-25 18:10:40','1994-09-27 04:13:50'),
('6','6','','1973-03-18 21:32:58','1994-03-05 04:59:26'),
('7','7','','2018-11-16 19:07:40','2000-07-23 13:54:39'),
('8','8','','1973-12-02 21:39:08','1979-04-15 11:25:43'),
('9','9','','1987-06-25 05:44:20','1992-12-14 17:38:44'),
('10','10','','2001-03-21 23:05:24','2004-12-10 00:19:39'),
('11','11','','1972-10-04 19:35:08','2014-02-08 12:46:10'),
('12','12','','2018-11-06 10:26:19','2005-02-25 00:18:06'),
('13','13','','2009-06-03 13:24:39','1991-10-31 13:45:42'),
('14','14','','2008-11-20 11:22:59','1971-08-10 17:03:22'),
('15','15','','1980-06-05 06:36:11','1992-06-03 17:07:35'),
('16','16','','1977-03-29 15:20:11','1995-12-25 06:07:06'),
('17','17','','1992-12-01 07:25:33','2001-04-21 04:59:15'),
('18','18','','1999-01-22 02:40:58','2009-12-09 08:09:26'),
('19','19','','2014-01-03 07:04:34','1998-10-12 13:49:49'),
('20','20','','1994-05-28 11:02:23','1975-11-18 18:27:52'),
('21','21','','1999-08-26 18:34:35','1983-06-15 07:34:32'),
('22','22','','1986-03-07 11:58:56','1987-12-13 01:36:14'),
('23','23','','1975-12-09 16:55:12','1975-05-01 05:00:47'),
('24','24','','1984-10-20 05:56:45','1999-02-15 08:38:29'),
('25','25','','1974-12-29 21:33:51','2006-09-06 12:19:09'),
('26','26','','2018-05-10 15:22:26','1983-04-19 17:23:25'),
('27','27','','2003-06-09 09:44:56','1992-03-05 06:29:18'),
('28','28','','1991-08-04 22:25:12','2017-08-07 00:10:08'),
('29','29','','1995-02-18 18:06:00','2013-09-05 11:20:00'),
('30','30','','2002-04-14 16:57:35','1976-10-21 22:34:23'),
('31','31','','2019-11-03 16:12:05','2012-05-10 10:12:32'),
('32','32','','2019-10-01 03:10:02','1989-08-14 11:25:02'),
('33','33','','2011-02-13 12:12:34','1992-08-19 03:54:50'),
('34','34','','1990-01-21 23:55:29','1999-04-07 22:56:52'),
('35','35','','2007-04-21 03:23:59','2017-06-11 12:52:08'),
('36','36','','2013-08-10 05:37:01','1986-07-11 23:58:48'),
('37','37','','1999-04-09 05:45:31','2013-08-14 06:29:26'),
('38','38','','1987-10-27 15:48:51','2013-03-14 20:12:02'),
('39','39','','2017-06-14 08:18:33','1971-03-14 19:44:02'),
('40','40','','2014-10-12 15:39:43','2008-12-18 06:47:17'),
('41','41','','1973-06-18 22:05:44','1984-08-13 16:32:23'),
('42','42','','1982-01-05 17:19:26','2005-11-09 14:17:53'),
('43','43','','2006-08-29 23:46:12','2009-07-17 18:36:32'),
('44','44','','1989-09-09 21:45:39','2005-11-01 23:55:50'),
('45','45','','2002-06-10 04:49:47','1973-10-25 11:53:53'),
('46','46','','2013-04-28 03:25:50','1987-04-20 05:03:44'),
('47','47','','2004-01-07 19:06:48','2007-12-04 19:45:37'),
('48','48','','2000-09-02 15:07:51','1980-09-20 21:31:49'),
('49','49','','2018-07-13 23:36:48','1996-12-22 01:08:38'),
('50','50','','1987-12-17 04:51:02','2009-07-01 18:32:11'),
('51','51','','2016-08-14 01:33:57','2003-11-03 19:54:21'),
('52','52','','1983-07-13 00:56:07','1995-10-23 03:43:39'),
('53','53','','1992-08-02 09:48:01','1973-08-24 05:07:03'),
('54','54','','1979-06-11 01:47:50','1990-11-01 19:18:09'),
('55','55','','2004-09-21 11:11:31','1996-02-29 00:51:49'),
('56','56','','1996-06-26 13:10:10','2006-01-18 11:19:59'),
('57','57','','2003-07-09 03:46:13','1994-10-16 07:43:21'),
('58','58','','1984-03-05 08:18:45','1988-01-11 15:08:31'),
('59','59','','1982-02-19 20:32:24','1972-03-22 16:19:50'),
('60','60','','2016-04-07 09:11:47','1991-05-14 13:30:43'),
('61','61','','1986-06-09 04:36:19','2014-02-03 11:44:23'),
('62','62','','1992-06-19 10:30:54','1987-05-22 18:26:31'),
('63','63','','2018-03-10 02:49:18','2019-09-11 02:53:53'),
('64','64','','1979-09-30 09:03:07','1971-07-15 06:13:17'),
('65','65','','2011-09-19 02:39:48','2004-12-23 10:33:40'),
('66','66','','1998-01-12 07:02:52','1983-06-22 23:45:34'),
('67','67','','2001-12-30 20:16:33','1974-02-15 16:19:31'),
('68','68','','2003-04-04 02:36:42','1993-11-21 19:23:31'),
('69','69','','1974-04-03 21:23:51','2003-06-19 03:46:53'),
('70','70','','1976-01-05 00:20:46','2015-04-28 05:43:44'),
('71','71','','2015-03-03 15:14:08','1987-06-03 13:51:47'),
('72','72','','1988-02-09 06:04:38','2002-07-09 04:32:18'),
('73','73','','1974-12-11 17:41:34','1978-11-28 17:50:18'),
('74','74','','2009-01-29 16:46:37','1973-08-10 13:39:32'),
('75','75','','1995-02-18 11:58:52','1973-04-29 21:35:44'),
('76','76','','2008-07-14 08:39:40','1985-12-03 11:24:28'),
('77','77','','2011-01-02 02:40:56','1983-12-14 00:57:12'),
('78','78','','2013-11-14 03:40:28','1985-01-16 10:41:41'),
('79','79','','2018-07-25 18:47:10','1991-11-23 03:49:17'),
('80','80','','1984-07-28 15:14:24','1971-01-31 09:26:42'),
('81','81','','1974-07-20 10:32:31','2006-05-08 03:41:08'),
('82','82','','1974-04-17 01:06:15','2011-06-26 07:11:51'),
('83','83','','1979-05-01 03:29:39','2008-05-04 23:12:18'),
('84','84','','2015-12-30 03:58:54','1999-04-09 14:03:56'),
('85','85','','2006-07-04 12:14:56','2015-01-01 06:49:14'),
('86','86','','1992-05-27 10:41:24','2005-05-19 19:40:42'),
('87','87','','1998-07-26 16:20:24','1979-04-23 18:10:27'),
('88','88','','2002-05-03 20:58:10','1987-06-14 03:40:23'),
('89','89','','2018-04-04 04:58:26','2019-08-30 06:28:48'),
('90','90','','1980-09-22 15:59:43','1985-11-30 03:14:48'),
('91','91','','1971-08-27 03:50:45','1974-05-14 04:17:17'),
('92','92','','1986-11-22 05:04:16','1976-03-27 02:05:12'),
('93','93','','1980-01-14 20:35:23','1996-07-06 16:45:14'),
('94','94','','2011-05-19 08:06:06','1999-09-01 09:00:32'),
('95','95','','1976-03-07 14:46:12','1994-05-17 20:29:34'),
('96','96','','1982-10-27 10:25:42','1981-12-10 18:12:31'),
('97','97','','1993-01-13 15:05:07','2014-01-10 07:41:04'),
('98','98','','1998-01-29 08:14:51','2003-11-29 06:37:30'),
('99','99','','2002-02-27 08:35:32','1972-03-27 06:53:49'),
('100','100','','1982-12-19 19:30:32','1996-12-01 14:22:13'); 


DROP TABLE IF EXISTS `likes`;
CREATE TABLE `likes` (
  `id` bigint(20) unsigned NOT NULL AUTO_INCREMENT,
  `user_id` bigint(20) unsigned NOT NULL,
  `media_id` bigint(20) unsigned NOT NULL,
  `created_at` datetime DEFAULT current_timestamp(),
  PRIMARY KEY (`user_id`,`media_id`),
  UNIQUE KEY `id` (`id`),
  KEY `media_id` (`media_id`),
  CONSTRAINT `likes_ibfk_1` FOREIGN KEY (`user_id`) REFERENCES `users` (`id`),
  CONSTRAINT `likes_ibfk_2` FOREIGN KEY (`media_id`) REFERENCES `media` (`id`)
) ENGINE=InnoDB AUTO_INCREMENT=101 DEFAULT CHARSET=utf8 COLLATE=utf8_unicode_ci;

INSERT INTO `likes` VALUES ('1','1','1','1981-09-21 23:02:23'),
('2','2','2','2009-06-20 12:41:52'),
('3','3','3','1994-07-26 08:06:40'),
('4','4','4','1997-05-26 17:43:30'),
('5','5','5','1971-09-12 19:49:18'),
('6','6','6','2008-12-11 08:45:37'),
('7','7','7','1984-10-24 15:07:19'),
('8','8','8','1996-12-05 19:12:10'),
('9','9','9','1985-04-01 16:38:05'),
('10','10','10','1996-05-16 20:50:41'),
('11','11','11','2003-04-08 17:35:26'),
('12','12','12','2003-01-27 03:48:33'),
('13','13','13','1984-04-16 22:24:53'),
('14','14','14','2015-08-26 07:45:20'),
('15','15','15','1993-05-06 16:38:07'),
('16','16','16','1994-09-06 17:10:27'),
('17','17','17','2011-05-14 13:28:37'),
('18','18','18','1987-06-16 07:06:56'),
('19','19','19','2008-06-06 01:43:58'),
('20','20','20','2011-09-09 01:53:42'),
('21','21','21','2012-11-10 23:02:45'),
('22','22','22','1981-11-04 18:04:44'),
('23','23','23','2019-07-01 10:03:49'),
('24','24','24','2010-11-20 10:43:40'),
('25','25','25','2001-02-21 23:44:04'),
('26','26','26','1996-10-07 16:59:51'),
('27','27','27','2012-09-25 23:44:55'),
('28','28','28','1989-07-14 20:23:51'),
('29','29','29','2018-10-20 12:25:53'),
('30','30','30','2006-07-21 03:50:15'),
('31','31','31','1997-12-25 09:11:40'),
('32','32','32','1974-04-03 11:19:23'),
('33','33','33','1990-03-15 13:36:33'),
('34','34','34','1999-11-23 18:09:00'),
('35','35','35','1977-02-12 20:27:26'),
('36','36','36','1998-02-06 04:35:59'),
('37','37','37','2011-02-12 14:43:36'),
('38','38','38','1991-06-12 04:59:34'),
('39','39','39','1984-10-30 06:02:48'),
('40','40','40','1982-05-11 06:42:29'),
('41','41','41','1986-08-08 23:54:34'),
('42','42','42','1976-03-16 03:10:48'),
('43','43','43','1993-03-26 11:34:40'),
('44','44','44','2019-11-08 03:48:59'),
('45','45','45','1972-11-06 05:39:57'),
('46','46','46','2013-04-09 21:49:38'),
('47','47','47','1984-09-03 04:23:37'),
('48','48','48','2007-03-29 18:06:12'),
('49','49','49','1998-08-29 18:48:19'),
('50','50','50','2015-10-12 12:30:51'),
('51','51','51','1986-11-12 11:58:01'),
('52','52','52','2017-05-23 20:27:33'),
('53','53','53','1999-08-27 19:41:49'),
('54','54','54','1994-01-10 18:15:24'),
('55','55','55','2007-12-10 05:57:16'),
('56','56','56','1999-05-24 23:55:57'),
('57','57','57','2004-01-09 13:36:59'),
('58','58','58','1992-01-17 19:16:31'),
('59','59','59','1977-11-05 02:16:31'),
('60','60','60','1997-03-20 23:29:34'),
('61','61','61','1970-04-14 19:51:38'),
('62','62','62','1997-05-01 03:28:21'),
('63','63','63','2005-08-16 17:04:56'),
('64','64','64','2000-07-28 02:12:28'),
('65','65','65','1997-03-02 02:07:09'),
('66','66','66','2019-09-15 03:33:51'),
('67','67','67','1989-11-23 05:34:39'),
('68','68','68','2004-06-10 05:27:36'),
('69','69','69','1994-06-26 12:30:04'),
('70','70','70','1971-11-09 10:35:24'),
('71','71','71','2018-06-06 15:03:18'),
('72','72','72','1988-04-06 12:49:16'),
('73','73','73','2000-01-15 04:24:55'),
('74','74','74','2004-10-21 15:26:30'),
('75','75','75','1997-11-04 07:48:09'),
('76','76','76','1973-05-15 10:16:26'),
('77','77','77','1995-07-10 17:55:37'),
('78','78','78','2001-08-08 16:47:57'),
('79','79','79','1978-03-25 06:27:51'),
('80','80','80','2019-06-02 17:30:45'),
('81','81','81','2014-09-04 08:25:43'),
('82','82','82','2016-04-19 15:00:27'),
('83','83','83','1983-04-15 13:06:15'),
('84','84','84','1997-03-16 02:37:57'),
('85','85','85','2002-11-18 09:34:48'),
('86','86','86','1989-05-07 11:10:18'),
('87','87','87','2008-11-25 07:24:22'),
('88','88','88','2017-11-30 06:53:08'),
('89','89','89','2019-01-30 14:38:09'),
('90','90','90','1999-11-26 05:25:03'),
('91','91','91','2003-03-02 01:36:55'),
('92','92','92','1984-12-05 00:33:15'),
('93','93','93','1995-12-13 08:38:16'),
('94','94','94','1977-06-24 22:47:46'),
('95','95','95','1975-03-03 05:05:14'),
('96','96','96','1983-06-11 03:30:49'),
('97','97','97','1994-02-16 03:40:55'),
('98','98','98','1986-02-12 02:22:03'),
('99','99','99','2005-10-07 19:06:47'),
('100','100','100','2019-08-29 06:05:50'); 


DROP TABLE IF EXISTS `media`;
CREATE TABLE `media` (
  `id` bigint(20) unsigned NOT NULL AUTO_INCREMENT,
  `media_type_id` bigint(20) unsigned NOT NULL,
  `user_id` bigint(20) unsigned NOT NULL,
  `body` text COLLATE utf8_unicode_ci DEFAULT NULL,
  `filename` varchar(255) COLLATE utf8_unicode_ci DEFAULT NULL,
  `size` int(11) DEFAULT NULL,
  `metadata` longtext CHARACTER SET utf8mb4 COLLATE utf8mb4_bin DEFAULT NULL,
  `created_at` datetime DEFAULT current_timestamp(),
  `updated_at` datetime DEFAULT current_timestamp() ON UPDATE current_timestamp(),
  PRIMARY KEY (`id`),
  KEY `user_id` (`user_id`),
  KEY `media_type_id` (`media_type_id`),
  CONSTRAINT `media_ibfk_1` FOREIGN KEY (`user_id`) REFERENCES `users` (`id`),
  CONSTRAINT `media_ibfk_2` FOREIGN KEY (`media_type_id`) REFERENCES `media_types` (`id`)
) ENGINE=InnoDB AUTO_INCREMENT=101 DEFAULT CHARSET=utf8 COLLATE=utf8_unicode_ci;

INSERT INTO `media` VALUES ('1','1','1','Laudantium aspernatur praesentium ea aut voluptas esse non omnis. Distinctio eos nihil aut aut consequuntur qui.','omnis','441747596',NULL,'1980-12-16 21:21:01','1999-10-29 17:48:49'),
('2','2','2','Unde quas et debitis dicta occaecati et eaque. Fugit eligendi explicabo vero. Expedita itaque tenetur corporis molestias delectus.','et','1',NULL,'1991-12-04 06:31:31','1987-09-05 09:08:35'),
('3','3','3','Aliquam illo deleniti veniam neque sapiente. Quibusdam tempore cum eos recusandae autem. Ut magnam tempora sunt rem voluptas fugiat qui. Non laboriosam omnis provident non laudantium eaque consequatur. Blanditiis provident quidem facere sint eos ut quas.','optio','11521',NULL,'2015-11-22 01:28:56','1989-12-21 15:36:16'),
('4','4','4','Sapiente quibusdam fugiat sunt et optio sapiente. Earum hic doloremque et.','officia','55561',NULL,'2004-09-06 12:56:41','1972-09-01 21:29:16'),
('5','5','5','Reiciendis fugit aut illo sed aut. Perspiciatis magnam dolores veniam in asperiores. Nihil a sed sint vel maiores ducimus. Debitis et repellendus ipsum dignissimos et.','molestiae','0',NULL,'2018-01-17 00:25:38','2013-12-30 07:49:18'),
('6','6','6','Adipisci et doloremque deserunt odit. Facere officiis reprehenderit libero consequatur. Adipisci et dolor ut ut officia.','numquam','154486423',NULL,'2001-12-23 07:40:09','2012-12-28 03:43:51'),
('7','7','7','Eos est porro ea id. Qui magnam eius quos sit. Saepe cumque ipsum maxime incidunt sit maiores.','enim','47',NULL,'1970-06-26 16:57:05','2004-10-16 02:41:23'),
('8','8','8','Consectetur minima ullam qui ea qui. Qui recusandae et illum quibusdam omnis ab quos. Ut blanditiis voluptatum id voluptas voluptas consequatur aut.','ratione','9063',NULL,'1979-11-19 16:56:13','2008-12-06 11:08:23'),
('9','9','9','Sunt quod voluptas magni laboriosam veniam qui. Non earum nulla nihil placeat et. Illo nemo fugit iure qui nihil. Est eos hic corrupti dolorum.','rem','0',NULL,'1986-07-26 11:11:54','1997-05-07 01:55:40'),
('10','10','10','Quaerat eveniet ex sint est nisi corrupti. Fugiat debitis officia aut quod commodi repudiandae expedita asperiores.','dolorem','2795813',NULL,'1999-08-05 16:21:06','1977-05-31 17:05:18'),
('11','1','11','Qui ducimus et quibusdam nesciunt rerum nihil. Facere est nulla est sequi aut dolor architecto modi. Ullam repellendus est pariatur ratione. Deleniti reprehenderit ad atque temporibus tempora.','sequi','62863300',NULL,'2008-08-01 05:18:38','1991-05-28 04:02:24'),
('12','2','12','Dolore voluptas vero ullam esse et quia. Ducimus minus nihil quia dolorem harum. Quidem eaque explicabo vero voluptate. Hic ut consequatur explicabo repudiandae enim. Dicta et reiciendis nihil et praesentium modi sit aut.','impedit','97',NULL,'2010-03-26 06:07:42','1976-07-09 09:30:14'),
('13','3','13','Dolorem accusamus adipisci voluptatem unde. Ipsam inventore laudantium inventore. Odit enim est minima occaecati quam fuga.','fugit','638348',NULL,'1974-08-27 02:04:54','2008-03-23 01:29:02'),
('14','4','14','Vel fugit illum necessitatibus placeat odio exercitationem. Necessitatibus cupiditate non eos eveniet dolor omnis cupiditate. Aut aliquam asperiores ea beatae iusto vero.','autem','0',NULL,'2010-09-22 03:32:19','1987-06-01 07:56:07'),
('15','5','15','Harum id eos qui magni laboriosam ut. Eaque voluptate hic reprehenderit voluptate non. Qui et nihil odit quae. Sit vero ab voluptatem nihil enim vel.','quas','120188',NULL,'1986-05-16 14:26:06','2009-08-12 10:24:00'),
('16','6','16','Optio laboriosam quas nisi incidunt quo. Odio est nesciunt aut et vero hic aut. Eum sint id voluptates tempore vitae a vel. Magni minus possimus inventore harum.','eaque','1173320',NULL,'1972-09-06 04:33:56','1998-05-05 03:55:21'),
('17','7','17','Nisi cum maiores et mollitia est qui perferendis officiis. Qui quod est quis itaque. Sint libero et ad sed in est nesciunt.','vel','68494210',NULL,'1998-04-05 16:57:17','2018-10-05 22:16:16'),
('18','8','18','Voluptas quasi veniam occaecati ut doloribus placeat. Vel ea et veritatis. Consequuntur dolorem debitis et voluptas. Alias deleniti dolore dolorem dolorum magnam laudantium excepturi.','veritatis','0',NULL,'1995-05-25 09:59:48','1993-07-30 05:35:07'),
('19','9','19','Doloremque molestiae maiores vero. Sunt minus nam vero delectus est ut molestiae. Nesciunt cumque enim quod laborum sint suscipit. Repellendus ut ut quam similique quia inventore incidunt rerum.','beatae','3152582',NULL,'1984-03-03 23:24:47','1998-07-12 15:18:22'),
('20','10','20','Ullam et aliquam minus culpa voluptas minus. Quas molestias et consequuntur dolores. Provident quod molestiae accusamus sed sed. Omnis ea deleniti laboriosam consequatur ipsa eum sed non.','a','518256178',NULL,'1986-01-22 05:01:18','1972-07-05 14:25:49'),
('21','1','21','Dolores consequuntur laudantium mollitia ut ratione ut. Est tempora optio nisi aut soluta modi tenetur. Occaecati saepe dolore et consequuntur temporibus nostrum minima. Facilis recusandae iure id sed dolorem.','sunt','87',NULL,'2002-09-18 20:43:19','2002-04-09 07:05:42'),
('22','2','22','Dolore ut unde deserunt nihil. A vel minima beatae omnis sapiente. Ut omnis aut quos libero ut consequuntur iste.','rerum','0',NULL,'1994-07-25 10:40:03','1980-11-08 22:50:38'),
('23','3','23','Vel voluptatem eaque aut fuga. Repudiandae tempora eaque voluptas repellendus omnis labore laboriosam. Voluptas sed minima ipsum aut beatae iusto id.','qui','213',NULL,'1972-01-10 01:57:58','2012-06-23 22:13:40'),
('24','4','24','Voluptatem quaerat quo dolor accusantium eaque totam similique. Ut enim consectetur labore quo iste eligendi harum sapiente. Et reprehenderit qui rerum voluptatum fugit at corporis. Ducimus et et hic deserunt repudiandae autem.','fugiat','120',NULL,'2006-02-18 10:19:32','1989-09-19 00:21:01'),
('25','5','25','Qui voluptas non ex totam. Sed vero et rerum omnis distinctio sit. Officiis temporibus velit debitis. Temporibus et quasi eos.','voluptatibus','0',NULL,'2002-03-23 07:31:54','1995-02-13 20:44:41'),
('26','6','26','Provident architecto sint ullam deleniti sit laudantium ullam. Sint eos voluptatibus ipsum est. Distinctio rem voluptatem laboriosam incidunt dolorem dolores.','nemo','93115',NULL,'1973-12-04 01:43:08','2013-04-10 14:25:00'),
('27','7','27','Quisquam ipsum animi ratione voluptates est ducimus. Ut et voluptatum cupiditate alias ducimus ducimus. Quidem laudantium culpa quae libero quidem eum. Magni perferendis quas at corporis sit necessitatibus.','blanditiis','1324',NULL,'1983-11-03 08:30:57','1993-04-25 05:01:26'),
('28','8','28','Optio perferendis sint minus aut dolore dolor quam excepturi. Omnis voluptatem accusamus voluptas sit architecto. Cupiditate quas illum eaque.','maxime','8484313',NULL,'2012-02-24 15:43:34','1997-01-26 18:00:52'),
('29','9','29','Quas ut fugiat est dolor vel molestiae et. Sint ullam alias perspiciatis architecto autem exercitationem voluptatibus. Dicta sint eum et nam quo iusto dicta. Non rerum rerum nesciunt rem qui.','necessitatibus','17198',NULL,'1999-05-29 16:34:21','2018-12-14 12:35:58'),
('30','10','30','Temporibus molestias minus odit saepe consequatur explicabo nihil. Et dolorum autem magnam quis. Nostrum et nam sit aliquid nesciunt nihil blanditiis. Repellat qui voluptatibus voluptatem neque commodi nobis praesentium.','laboriosam','11656443',NULL,'1974-09-29 16:43:51','1981-01-04 19:49:41'),
('31','1','31','Voluptate sapiente tenetur voluptas accusamus distinctio non. Quam quaerat aliquid ut.','ut','9',NULL,'2006-09-11 01:42:30','1981-11-21 19:30:47'),
('32','2','32','Nihil consectetur labore architecto odit officia voluptatem ullam. Voluptatem omnis aut eum distinctio ratione reiciendis. Eligendi aliquam et numquam dignissimos corporis doloribus molestiae.','officia','5',NULL,'1987-02-11 12:02:25','1990-08-10 00:09:35'),
('33','3','33','Sit ut qui quis consequuntur nihil. Voluptatem occaecati qui magnam alias placeat ullam. Ullam laboriosam enim corrupti nesciunt facere ratione.','sed','721783202',NULL,'2019-07-06 19:13:58','1993-08-04 12:59:53'),
('34','4','34','Nam neque maiores ut officiis. Sit minima aut ut quasi officia. Recusandae et et non sapiente. Repudiandae nesciunt in quia aliquam et occaecati aliquam.','reiciendis','0',NULL,'1995-10-28 12:58:53','1986-05-07 20:24:38'),
('35','5','35','Vero deserunt ipsa sit nam et et facere consequuntur. Quae odit possimus laudantium consequatur rerum. Sunt maxime accusantium atque quam et qui ducimus. Aut ut sit sit rerum dolore.','autem','36612',NULL,'2014-05-22 19:50:31','2004-06-13 06:44:04'),
('36','6','36','Aut aut deserunt veniam tempore. Quis repellat consequuntur eveniet fugit molestiae repellendus quod. Ea at voluptas assumenda.','enim','71',NULL,'2001-08-18 09:23:29','1991-12-07 11:46:12'),
('37','7','37','Nulla sunt est minima doloribus expedita aliquam facere. Incidunt rerum esse doloribus non rerum modi hic fugiat. Quia aut sed in quia ut velit facilis rerum.','adipisci','0',NULL,'2004-04-08 14:12:12','1994-01-13 04:52:22'),
('38','8','38','In accusamus excepturi et inventore. Qui ut ipsa est quas dolor perferendis repellendus. Nesciunt itaque voluptates quam.','alias','0',NULL,'1983-10-30 03:24:02','2018-02-18 21:10:20'),
('39','9','39','Odit odit aut et incidunt praesentium nihil eum. Commodi aut sapiente recusandae quia commodi accusamus. Tempore nihil cum occaecati. Minima et aspernatur quia non iusto.','molestiae','2563739',NULL,'2011-05-02 00:58:29','2019-05-01 14:08:23'),
('40','10','40','Odit occaecati perferendis laborum sed repudiandae placeat non. Assumenda aut dolor nesciunt. Sed sint sed voluptas. Illo consequuntur doloribus incidunt dolores consequuntur quas nam quia.','eius','996301571',NULL,'2017-06-29 04:33:49','2002-03-09 17:13:39'),
('41','1','41','Eius autem magnam qui odit ad dolore. Et odit animi aut nihil cupiditate. Laboriosam dolores sint tenetur autem.','iure','93',NULL,'2015-11-26 01:45:59','1981-03-10 10:07:21'),
('42','2','42','Ratione quibusdam enim dolorum voluptatum. Sit autem ipsum et illo.','aut','3832',NULL,'1979-12-11 21:27:10','2013-06-14 20:34:02'),
('43','3','43','Aliquid nulla numquam doloribus non. Tenetur non autem velit atque. Optio tenetur nesciunt maxime numquam consequuntur occaecati. Vitae officia architecto quia.','ea','405075390',NULL,'1996-02-15 00:38:43','2006-03-26 23:40:12'),
('44','4','44','Eum soluta voluptates deleniti et. Rerum qui harum alias blanditiis sequi. Dignissimos dolores voluptas qui qui ipsam quidem. Corrupti ut soluta at doloribus ex velit quia nihil. Sequi aut incidunt porro quae quaerat.','rem','799284',NULL,'2000-06-27 15:22:42','1998-06-01 18:47:07'),
('45','5','45','Ut dolorum blanditiis nihil animi. Excepturi beatae autem voluptatem laudantium. Sed voluptatem quasi accusantium ducimus amet accusantium quod sint. Qui accusantium voluptatem vitae et sunt natus nobis vel. Et natus unde tempore quis aspernatur.','et','8443955',NULL,'1995-05-15 04:42:01','1987-07-30 00:40:41'),
('46','6','46','Ducimus eveniet sit natus doloribus. Est ullam recusandae et soluta.','nemo','11',NULL,'1991-11-21 03:42:47','1993-08-28 08:01:48'),
('47','7','47','Eum quisquam eveniet pariatur dolorem dolores. Et nobis reprehenderit in. Id beatae sed consequatur reiciendis. Qui molestiae quam qui voluptatem consequatur.','iste','44614',NULL,'2006-10-24 20:57:11','2016-07-12 03:38:58'),
('48','8','48','Sint et qui consequuntur consequatur voluptatum. Voluptas earum id harum omnis qui qui. Possimus odio id voluptas earum dignissimos omnis. Hic est ipsum at et voluptas optio.','soluta','51',NULL,'2005-08-23 23:54:56','2017-09-22 06:24:27'),
('49','9','49','Laudantium et ducimus voluptate dolorem autem et. Error deleniti aspernatur accusamus et. Et nisi ipsum eligendi beatae sint expedita officia. Repellat doloribus sapiente praesentium dolores illum.','autem','2467',NULL,'1988-12-30 04:05:33','2013-09-08 17:42:31'),
('50','10','50','Voluptatem nobis cumque voluptas ut architecto accusantium omnis. Omnis necessitatibus iste accusantium labore vel omnis deserunt ducimus. At nisi minus laudantium accusantium repudiandae et est.','minima','6',NULL,'1991-03-26 04:38:17','1974-12-05 02:13:39'),
('51','1','51','Provident similique fuga ut provident ullam atque explicabo. Labore molestiae velit iste sunt. Ab quia velit rerum saepe.','aliquam','155588',NULL,'1974-10-23 18:11:36','1988-11-09 13:42:34'),
('52','2','52','Qui exercitationem totam cum et. Vel possimus adipisci possimus eaque saepe pariatur. Autem est provident accusamus sit corrupti. Reprehenderit doloremque vel corrupti labore a modi.','rerum','6504365',NULL,'1974-11-18 19:38:34','2005-08-07 03:18:16'),
('53','3','53','Ea voluptas quod non libero dolores. Numquam reprehenderit ullam aut. Eius voluptas porro saepe dolores molestiae doloribus.','totam','6045',NULL,'2011-08-12 09:26:14','1977-03-22 18:23:35'),
('54','4','54','Velit explicabo cumque libero iusto dolor error id. Voluptatum officia ut inventore iusto dolores quia et odit.','et','96',NULL,'2011-06-13 15:10:10','1997-03-22 01:12:25'),
('55','5','55','Dicta ut repellendus est repudiandae. Nesciunt ab eius laboriosam quis suscipit dicta. Nesciunt voluptas nobis aut eum.','alias','0',NULL,'2016-11-17 00:36:51','1988-12-21 05:18:00'),
('56','6','56','Possimus voluptates velit dolorem alias doloribus. Culpa accusantium pariatur dicta. Ipsa perspiciatis nobis quo porro autem.','id','83849713',NULL,'1976-11-19 13:36:10','1979-04-22 18:39:23'),
('57','7','57','Aut molestiae sed eligendi omnis. Aut libero eum minus iure.','sint','0',NULL,'1981-11-05 13:21:04','1982-08-16 11:57:53'),
('58','8','58','Repudiandae molestias nam autem numquam rem nulla. Nobis vel numquam aut illo blanditiis.','blanditiis','138',NULL,'2013-05-08 04:59:25','1999-06-20 14:58:36'),
('59','9','59','Velit autem non cumque. Aut officia cum similique voluptatem. Exercitationem ex nobis est dolor unde quia. Non ut recusandae error.','repellendus','89228',NULL,'1993-11-22 07:28:33','2004-02-27 17:25:29'),
('60','10','60','Inventore itaque tempora qui architecto voluptatibus et. Molestiae est recusandae neque dignissimos et quas.','commodi','0',NULL,'2013-02-24 06:44:15','1993-09-18 19:20:13'),
('61','1','61','Eligendi dolore excepturi occaecati ut doloremque. Debitis accusantium deserunt est dicta nobis. Architecto ratione a cum unde dolor.','sunt','82316',NULL,'1994-01-04 15:13:58','1981-05-21 00:50:37'),
('62','2','62','Quod cum magni ullam. In qui ut exercitationem enim laudantium nesciunt. Quasi repellendus facere corrupti ipsum.','dolor','4',NULL,'1994-11-13 00:34:59','1979-06-11 12:08:05'),
('63','3','63','Et quia pariatur quia esse autem minus suscipit. Delectus deleniti labore explicabo tenetur repellat ea. Beatae nobis repellat fugiat. Tempora dolores exercitationem quia.','ut','408960374',NULL,'1989-02-13 14:34:27','2019-11-18 11:03:22'),
('64','4','64','At et quidem est rerum nam labore quos. Odio vitae quis quia labore similique sequi. Autem autem neque amet fugiat laborum sunt. Voluptas et odio ipsam vel et in vero adipisci.','expedita','956778858',NULL,'2005-08-26 08:29:27','2017-07-12 12:13:39'),
('65','5','65','Maxime et inventore consequuntur dolore. A quasi sint assumenda asperiores consectetur. Reprehenderit eum quisquam quod nulla maiores ut. Veritatis nihil et dolores ea id. Iste rerum quo quia architecto provident accusamus eius alias.','aliquid','487945883',NULL,'1984-09-05 01:17:55','2018-01-22 13:24:33'),
('66','6','66','Aut odio non aut in aperiam minus. Eligendi dolorem qui deserunt non. Nam eos qui sit veniam asperiores. Maxime delectus odit aperiam perferendis maiores illo et. Suscipit molestiae rerum dolores esse autem et amet et.','voluptas','1838',NULL,'1972-10-12 10:06:55','1973-01-28 06:57:15'),
('67','7','67','Ea nihil similique eius deserunt nulla itaque illo. Aspernatur sed exercitationem laudantium non. Ipsum earum qui quae corrupti. Omnis commodi rerum velit assumenda ut sit doloribus aut.','suscipit','0',NULL,'2011-01-14 14:21:06','2014-11-21 02:48:47'),
('68','8','68','Qui aut qui molestiae repudiandae et possimus. Odio corporis ea consectetur cumque vero sit. Repellat alias saepe eligendi est. Aut atque qui doloribus consequatur est.','corporis','2',NULL,'1976-03-24 08:54:24','1997-05-14 10:05:16'),
('69','9','69','Est facilis voluptatem modi repellat. Sed quis iste repellendus sapiente consequuntur. Recusandae magnam sequi delectus laborum. Ipsa nihil qui eaque et iste doloribus consequatur.','qui','13977',NULL,'2013-06-11 18:18:51','1991-02-24 22:12:53'),
('70','10','70','Perspiciatis odio quia et. Qui hic quis dicta. Hic cupiditate ut eum dolore aliquam omnis illo voluptatem.','illo','401505',NULL,'1979-12-28 11:50:22','1978-10-08 17:00:59'),
('71','1','71','Reprehenderit officia ipsa alias velit velit labore vero rem. Eum a in mollitia aperiam quia magni ea. Dolore consequatur dolor alias deleniti ipsam. Autem omnis nostrum nisi tempora vel reiciendis.','officia','69113375',NULL,'2013-05-31 23:18:41','1997-06-22 00:57:50'),
('72','2','72','Esse recusandae fugiat dolorum ex exercitationem sunt. Cum voluptas et delectus. Sit earum illo maxime nihil est voluptates qui.','qui','0',NULL,'1991-02-11 07:28:37','2009-03-11 10:40:29'),
('73','3','73','Aliquid quo totam eos consectetur. Voluptatibus sit harum provident est minus aut. Incidunt aliquid dicta occaecati tenetur. Autem laboriosam et veniam est.','soluta','124',NULL,'2010-05-20 03:05:20','1979-11-12 23:04:52'),
('74','4','74','Dolore esse eius fugit occaecati aut tenetur quibusdam. Natus temporibus excepturi ut exercitationem blanditiis et enim eligendi. Repellat fugiat quis et excepturi ea et.','aut','73',NULL,'2017-08-04 11:02:36','1995-07-01 21:44:08'),
('75','5','75','Quo expedita sunt voluptatum fuga. Consequatur sequi sint voluptatum numquam provident vel. Qui et nesciunt ut recusandae distinctio. Blanditiis deserunt dolor velit voluptatum nam dignissimos enim.','natus','76726',NULL,'2005-10-13 00:27:13','2001-12-21 05:21:06'),
('76','6','76','Et ullam placeat rerum hic. Aliquam enim aliquid quod consectetur.','minus','560107323',NULL,'2001-05-17 13:50:21','2011-03-22 01:04:39'),
('77','7','77','Aspernatur et voluptatem repellendus eum quos sunt. Esse impedit sit recusandae dolore inventore id illum. Assumenda eveniet quia quia accusantium quo. Dolorum voluptatem provident nobis laboriosam.','quo','9',NULL,'1973-01-26 21:20:17','1974-05-04 09:50:50'),
('78','8','78','Libero et et fugiat illum aliquam aut ut impedit. Voluptatibus ipsam quis et quo in voluptatem iusto. Excepturi explicabo et sunt occaecati ut neque ut. Praesentium harum sed sed dolorum et.','voluptates','40240571',NULL,'1983-04-13 15:17:45','1987-05-19 09:41:02'),
('79','9','79','Quia doloremque ut quibusdam enim neque. Vitae sed quaerat totam in delectus. Expedita minus esse molestias quibusdam eos quibusdam itaque.','culpa','7',NULL,'1981-06-09 05:05:48','2015-04-19 19:09:38'),
('80','10','80','Ullam occaecati aut distinctio eos. Adipisci rem minus ex asperiores suscipit beatae. Veniam voluptas molestiae velit laboriosam.','est','3',NULL,'1976-09-15 14:22:46','1997-07-06 01:52:07'),
('81','1','81','Qui ut consequatur pariatur cupiditate qui at. At et sunt placeat non assumenda. Repellendus et nulla ipsum illum qui.','voluptate','332',NULL,'1980-10-31 09:07:24','2004-03-09 12:03:39'),
('82','2','82','Accusamus et molestias debitis sed explicabo enim. Et at quis non iusto voluptate ducimus numquam. Amet voluptate molestiae recusandae laudantium ut.','et','75176372',NULL,'1979-05-22 04:17:34','2019-06-12 09:42:29'),
('83','3','83','Laudantium ducimus aperiam enim minus in. Rerum quae minus iste non tempore. Id unde minima explicabo harum. Aut aut voluptas explicabo soluta. Sed aut minus quia porro aut.','consequatur','6012',NULL,'1970-04-02 14:15:50','1995-08-29 11:33:23'),
('84','4','84','Excepturi quia asperiores perferendis nam nemo. Esse ex expedita voluptatum sed facere id fugiat.','perspiciatis','315310765',NULL,'2012-04-07 08:01:16','1996-03-16 12:52:57'),
('85','5','85','Dolore voluptas sit ipsum iste facilis voluptatibus. Quae quo et magnam quaerat. Quis et architecto similique suscipit nihil. Natus atque ullam aliquid totam.','molestiae','51177',NULL,'2012-06-05 15:11:40','1996-03-28 14:38:27'),
('86','6','86','Quaerat cumque quo ut aliquam quos. Vero necessitatibus commodi necessitatibus cum id.','harum','3700',NULL,'2002-02-13 22:49:12','1982-02-28 15:46:22'),
('87','7','87','Quo adipisci tempore modi inventore. Voluptatem magnam id tempore non est ipsum dignissimos voluptas.','explicabo','7122460',NULL,'2014-12-03 14:45:11','2005-02-04 03:05:22'),
('88','8','88','Consequatur ut tenetur exercitationem natus. Eveniet qui rerum hic sit est vitae rerum natus. Quas dolores aut fugiat ad. Ratione alias aspernatur beatae.','ipsam','686043631',NULL,'2013-03-03 20:42:45','2000-12-07 08:52:19'),
('89','9','89','A ipsam dolores sit doloribus quas architecto fugiat occaecati. Vel esse magni quos accusamus voluptatem amet qui. Voluptate harum officia odio et quisquam similique. Facere sint quas optio.','consequatur','561607',NULL,'1988-04-22 04:53:31','1981-12-10 19:32:04'),
('90','10','90','Sit nihil excepturi sint eius dolorem ut. Quae animi ratione exercitationem et enim. Quibusdam tempora recusandae quisquam et maxime fuga. Totam delectus et animi officiis qui eos rerum.','eos','308',NULL,'1991-09-04 07:20:39','1992-03-09 07:46:19'),
('91','1','91','Ut ipsa quidem suscipit eaque. Voluptas sint rerum quas cumque. Molestiae id iusto repellat. Aspernatur dolores ut harum.','qui','847547600',NULL,'1974-10-18 13:01:09','1989-12-29 11:22:23'),
('92','2','92','Similique similique neque distinctio rem quia voluptatem. Porro dolores beatae id. Dolor dolore fugit fuga voluptatem nam itaque error. Explicabo omnis ut possimus optio.','adipisci','961',NULL,'1993-12-28 02:20:17','1990-12-23 05:16:44'),
('93','3','93','Non blanditiis nam perspiciatis. Cupiditate nisi qui eos et aut et pariatur. Quia a ut odio earum nulla ut eligendi. Distinctio quo aut sequi nostrum exercitationem sunt sunt.','excepturi','0',NULL,'1976-10-23 01:48:59','2018-04-15 04:35:06'),
('94','4','94','Nisi sit omnis quasi quasi vel modi. Magni numquam harum ut sunt consequatur veniam suscipit culpa. Eos eum culpa ab ratione nisi incidunt. Sint iure omnis ut porro saepe est fuga.','hic','474',NULL,'1976-06-25 16:29:23','2011-08-18 07:38:48'),
('95','5','95','Consequatur aperiam rerum minus saepe id in rerum. Esse aspernatur et voluptas. Autem aut exercitationem omnis officia non commodi consequatur maiores. Est autem laboriosam perferendis et autem et ipsa et.','suscipit','0',NULL,'2008-04-24 16:46:45','2011-07-07 07:41:42'),
('96','6','96','Et inventore eum modi laboriosam vel modi. Possimus hic sit hic. Eos sint rem quo ut excepturi laudantium molestias. Ut quia voluptate nisi.','quis','4057',NULL,'2018-01-18 02:55:28','1993-03-05 10:00:58'),
('97','7','97','Repellat maxime quos nemo dicta quo molestias eaque molestias. Doloremque adipisci facere et aut earum autem culpa. Aut quo veniam aut sunt sed.','iure','7120',NULL,'2010-06-16 03:22:34','2010-10-30 23:58:13'),
('98','8','98','Quos id et vero ipsam nobis. Voluptate perferendis earum repellat tempore accusamus sed distinctio saepe. Omnis doloribus quas nam ea expedita vero dolore sed. Perferendis voluptate quibusdam aut delectus provident voluptas.','ducimus','59',NULL,'1978-11-09 12:01:59','1978-05-19 11:56:08'),
('99','9','99','Iusto eveniet ipsa voluptatem non. Qui ut accusantium ducimus veritatis aliquam ut nesciunt voluptas. Enim porro deserunt excepturi cumque ut harum sit. Consequatur quos sit voluptatem voluptatum aperiam.','suscipit','7168450',NULL,'1976-10-24 14:18:43','1981-11-27 00:17:42'),
('100','10','100','Omnis optio excepturi facere aspernatur est similique fugiat. Quia perspiciatis temporibus dolorum. Qui vitae animi rerum impedit vero delectus. Qui sit amet temporibus eos suscipit ut voluptatem.','officia','7',NULL,'1984-06-17 21:37:49','1995-07-09 08:12:35'); 


DROP TABLE IF EXISTS `media_types`;
CREATE TABLE `media_types` (
  `id` bigint(20) unsigned NOT NULL AUTO_INCREMENT,
  `name` varchar(255) COLLATE utf8_unicode_ci DEFAULT NULL,
  `created_at` datetime DEFAULT current_timestamp(),
  `updated_at` datetime DEFAULT current_timestamp() ON UPDATE current_timestamp(),
  PRIMARY KEY (`id`)
) ENGINE=InnoDB AUTO_INCREMENT=11 DEFAULT CHARSET=utf8 COLLATE=utf8_unicode_ci;

INSERT INTO `media_types` VALUES ('1','est','1994-07-04 06:29:18','1983-07-18 16:26:04'),
('2','omnis','1992-01-11 00:46:09','2015-05-26 04:03:39'),
('3','quas','2005-08-23 04:18:51','1987-04-14 22:37:21'),
('4','amet','2004-01-18 18:22:28','1981-10-02 11:07:16'),
('5','expedita','2002-03-05 23:14:30','1997-03-03 14:28:14'),
('6','occaecati','2004-10-25 09:17:56','2019-08-28 11:47:45'),
('7','vel','1970-04-04 21:01:41','1985-04-02 18:20:02'),
('8','quia','2009-07-15 09:41:24','1991-07-02 04:42:12'),
('9','dolor','2005-09-16 16:34:21','2012-04-12 14:53:18'),
('10','voluptates','1983-10-07 23:20:37','2016-12-27 12:28:31'); 


DROP TABLE IF EXISTS `messages`;
CREATE TABLE `messages` (
  `id` bigint(20) unsigned NOT NULL AUTO_INCREMENT,
  `from_user_id` bigint(20) unsigned NOT NULL,
  `to_user_id` bigint(20) unsigned NOT NULL,
  `body` text COLLATE utf8_unicode_ci DEFAULT NULL,
  `created_at` datetime DEFAULT current_timestamp(),
  PRIMARY KEY (`id`),
  KEY `messages_from_user_id` (`from_user_id`),
  KEY `messages_to_user_id` (`to_user_id`),
  CONSTRAINT `messages_ibfk_1` FOREIGN KEY (`from_user_id`) REFERENCES `users` (`id`),
  CONSTRAINT `messages_ibfk_2` FOREIGN KEY (`to_user_id`) REFERENCES `users` (`id`)
) ENGINE=InnoDB AUTO_INCREMENT=101 DEFAULT CHARSET=utf8 COLLATE=utf8_unicode_ci;

INSERT INTO `messages` VALUES ('1','1','1','Dolore expedita sint voluptas fugiat est nostrum rerum. Minima accusamus quasi sit est labore. Numquam voluptatem est temporibus error quae. Facilis molestiae dolor distinctio eius velit sint facere omnis.','1997-12-19 13:56:28'),
('2','2','2','Aliquid cum quo inventore. Quo soluta omnis sit nihil hic.','1999-03-11 01:05:21'),
('3','3','3','Hic vero ex deserunt. Molestiae quibusdam eaque dolorum accusamus. Recusandae vel nam provident aut nulla eaque id. Sit est molestiae numquam maxime.','2004-07-10 06:41:45'),
('4','4','4','Labore molestiae sunt voluptas voluptatibus consequatur occaecati. Similique qui doloribus amet molestias nam quos sunt. Ipsa ut neque reprehenderit tempore. Delectus quam omnis nihil aliquid.','2008-07-26 20:30:09'),
('5','5','5','Perspiciatis quia consequatur dignissimos placeat. Neque provident eos et. Necessitatibus et pariatur minus. Incidunt esse tenetur laboriosam quo impedit molestiae corporis ut.','1983-04-21 06:02:32'),
('6','6','6','Aut placeat sapiente ipsum. Sint facilis maiores rerum veritatis deleniti quis. Iusto consequuntur iste inventore minima minus. Amet eos occaecati beatae totam. Dolor quia est ullam dolore quis.','1989-01-30 19:08:06'),
('7','7','7','Dolore sint nobis assumenda et consequatur. Dolorem animi ipsam non.','2008-01-14 10:09:34'),
('8','8','8','Id esse ipsam veritatis repudiandae perspiciatis quia. Libero aut velit sint recusandae dicta. Velit asperiores consectetur velit maxime cumque officiis eaque.','1977-03-24 20:26:03'),
('9','9','9','Libero ducimus aut non. Nisi et rerum quia et autem sint nisi earum.','1994-10-20 05:23:37'),
('10','10','10','Quia illum esse inventore amet. Quidem rerum perspiciatis nemo voluptas earum. Optio quia omnis fugiat qui. Non perspiciatis esse ut placeat veritatis sequi delectus.','1978-06-19 19:48:57'),
('11','11','11','Earum esse accusantium esse voluptatibus. Sint iste ut quia qui. Adipisci voluptatem veritatis autem iusto qui eligendi rerum tenetur. Ut autem autem non minus eum.','2016-11-07 12:46:57'),
('12','12','12','Iste recusandae autem consequuntur dolore. Magnam aut praesentium assumenda molestiae itaque sapiente asperiores. Minima voluptatibus id quasi ea et voluptates fugiat.','1988-03-15 11:23:12'),
('13','13','13','Non quia molestias assumenda dignissimos ratione sit dolorum. Esse iste consequatur perferendis veritatis et tempore. Accusamus quae doloremque quo iste nisi et libero sit. Sit modi qui laudantium facilis.','1970-08-07 09:52:40'),
('14','14','14','Est sed quis ea et sint dolorem. Sit sed reiciendis repudiandae deserunt sit nostrum ea quo.','1983-04-02 07:08:22'),
('15','15','15','Ut nisi at aliquid non dolorem minima. Voluptas molestias voluptate beatae qui vel. Et asperiores aut enim numquam omnis. At sint magnam quia ut quia consequuntur consequatur.','1981-06-23 13:22:54'),
('16','16','16','Et nam soluta dolorem ullam rerum velit distinctio adipisci. Inventore aspernatur nemo sunt recusandae sequi necessitatibus natus. Dignissimos fugit non cupiditate.','2007-08-28 23:42:48'),
('17','17','17','A aut placeat aut. Est ea ullam voluptatem dolores aut nemo voluptas. Ratione qui fugit quibusdam et.','2016-08-04 20:57:49'),
('18','18','18','Pariatur consequuntur et et quidem doloremque veniam beatae ullam. Esse eos quos optio. Excepturi enim non consequuntur cupiditate id tempore architecto.','2017-09-11 02:20:38'),
('19','19','19','Itaque voluptas iure in officiis. Soluta fuga minus quia. Tempore optio officia et impedit.','1996-06-28 19:11:20'),
('20','20','20','Velit cum exercitationem veritatis ex velit. Commodi eveniet eius itaque libero sint autem. Reprehenderit animi non ut est iure.','1972-06-19 09:22:48'),
('21','21','21','Vero provident omnis reprehenderit at. Voluptas hic et est qui necessitatibus. Est omnis quasi voluptates consectetur. Dolores sequi ex culpa.','1982-08-25 22:41:49'),
('22','22','22','Vel aut id voluptatum. Et ab ut nam et odio. Non quis incidunt possimus facilis. Reprehenderit voluptatem libero culpa dolores libero enim. Dolorem ad aut excepturi ut.','2004-05-07 10:31:39'),
('23','23','23','Sapiente atque reiciendis quo. Voluptas harum sint a aut. Error omnis quos quaerat doloribus nobis. Iure neque eligendi quia dolorem quibusdam ut. Iure quisquam similique quas libero atque adipisci.','2014-09-17 09:33:06'),
('24','24','24','Eaque aut unde fuga eum. Cum voluptas quaerat similique impedit nulla vel aspernatur. Vel omnis optio veritatis dolor asperiores.','1991-10-24 23:42:34'),
('25','25','25','Cum quo accusamus et cupiditate quam nihil occaecati. Sit labore aliquam error aut. Soluta tempora dolores possimus quo.','2009-06-25 02:20:11'),
('26','26','26','Sunt ut dolor ut aperiam dolorem rerum. Qui cumque accusantium est sed voluptatem at. Qui et enim suscipit voluptas quia aut fugit. Vel aut doloribus quaerat id natus.','1979-06-21 05:36:55'),
('27','27','27','Suscipit deserunt corrupti nobis magnam in saepe autem neque. Delectus distinctio reprehenderit amet at ea aut. Quae id velit repudiandae quia repudiandae. Voluptas rem porro vitae voluptatem facilis voluptas.','1996-09-09 11:14:08'),
('28','28','28','Doloribus odit repudiandae dolores rerum ea. Iste nesciunt enim vitae non in et harum. Dolor maiores voluptate autem qui quia. Quibusdam dolore doloribus impedit reprehenderit quo accusantium rerum.','1987-06-09 02:41:39'),
('29','29','29','Aspernatur reiciendis ipsa nulla alias. Est dolores iste ut iste accusantium delectus maiores. Nesciunt unde iste totam voluptates et quos laboriosam.','2005-07-20 09:03:34'),
('30','30','30','Molestiae eaque repellat est dolorem commodi. Dolor eveniet quibusdam ea voluptas et rerum consequuntur facilis. Tenetur quasi minus consequatur odit doloremque repellat aperiam. Excepturi ut consequuntur debitis soluta.','1986-07-04 01:22:19'),
('31','31','31','Necessitatibus sunt provident accusamus et in ullam. Voluptatem iste ex corporis quia non molestiae aperiam mollitia.','2007-10-04 04:22:20'),
('32','32','32','Accusantium facere quibusdam veniam qui fugiat occaecati. Et voluptatem error soluta veniam. Quas ut nemo officia inventore quod eum ullam. Dolores accusantium ducimus nostrum explicabo.','2019-09-17 02:24:07'),
('33','33','33','Hic architecto sint illum dicta molestias. Consequatur maiores est eligendi doloribus sint.','1985-04-02 21:21:17'),
('34','34','34','Occaecati amet et qui aperiam et laudantium in. Quo aut incidunt ipsam beatae eius officia. Occaecati qui repellendus aperiam ut quia repudiandae temporibus provident. Alias voluptatem at adipisci consequatur.','2003-11-17 12:33:30'),
('35','35','35','Et ipsum explicabo aut iusto expedita unde rem aut. Ut neque eveniet magni praesentium. Beatae aut neque aut voluptatem iusto.','2019-07-15 09:21:18'),
('36','36','36','Qui provident et ipsa et assumenda. Qui et natus beatae reiciendis veniam. Ipsam qui assumenda non aut dicta ipsam quibusdam sed. Corrupti rem adipisci qui aut.','2016-12-06 07:33:54'),
('37','37','37','Id dolorem aut et odit. Dicta numquam ducimus voluptate ea occaecati id odio. Et repudiandae at neque et.','2018-12-21 19:09:53'),
('38','38','38','Qui illum sit temporibus eligendi nostrum. Ipsam at omnis dolor qui voluptas. Asperiores inventore qui earum saepe labore omnis.','2008-05-29 23:10:06'),
('39','39','39','Iure cum mollitia dolorem alias dolor quo voluptate. Sed praesentium tempora eos saepe officia. Nostrum unde commodi ut sit sint.','1999-12-25 00:18:14'),
('40','40','40','Fugiat sunt sequi molestiae nulla quae sit. Eos autem rerum itaque quia. Eum quis sed et veniam recusandae numquam deleniti.','1980-10-18 03:50:12'),
('41','41','41','Tempore vero eius officia beatae porro voluptas. Corrupti recusandae dolor nulla voluptas et et est. Velit nostrum ut quam soluta sunt maiores.','1971-04-09 14:43:26'),
('42','42','42','Id illum aut placeat animi a placeat aspernatur est. Velit et rerum velit quidem. Voluptate et saepe placeat earum. Voluptatem reiciendis ut a dicta eum.','2008-05-01 01:31:33'),
('43','43','43','Atque illum blanditiis quas esse quae aut magni. Error quibusdam corporis debitis totam quod nulla. Nisi repellat aut expedita quam.','2007-08-16 01:55:29'),
('44','44','44','Libero harum quisquam officia. Nihil nihil inventore officiis velit. Ut necessitatibus ex id impedit molestiae. Vel adipisci quia praesentium maxime vitae minus.','1986-08-10 15:57:21'),
('45','45','45','Labore molestias eos commodi deleniti quia sequi. Nostrum fuga eligendi rerum voluptatem neque veniam. Non quidem ad sint vero inventore.','1979-10-07 18:23:01'),
('46','46','46','Iusto quasi et laudantium minus aut assumenda. Voluptates in nostrum illo non. Aut architecto excepturi eos nulla.','2005-08-03 20:54:23'),
('47','47','47','Pariatur rerum est qui optio corporis ut expedita. Qui alias ullam exercitationem recusandae et. Ipsam rerum libero rerum sapiente repudiandae modi sequi.','2007-05-09 02:22:09'),
('48','48','48','Qui dolores odit aut est molestiae quam. Quasi sed qui velit voluptatibus. Esse molestiae ut aut nisi ad occaecati quis.','2000-12-12 00:40:38'),
('49','49','49','Est vel necessitatibus repellendus quia. Dolore ut veniam qui dolore dolorem totam. Ea recusandae id assumenda. Nisi quia exercitationem quis excepturi illum.','1981-03-28 15:46:50'),
('50','50','50','Laboriosam in accusantium culpa suscipit fugit. Quae iure mollitia accusantium aut laboriosam amet. Quasi et iure eveniet voluptatem voluptatem doloribus et. Quia neque dolor quasi non voluptatum et consectetur et.','1985-04-19 22:34:28'),
('51','51','51','Dolorum voluptatibus voluptatem quas voluptas doloribus accusamus. Aut porro et ducimus quia aliquid et. Quis necessitatibus aut id cupiditate aut repellendus. Quia in modi tenetur iusto eum.','1981-10-11 07:25:46'),
('52','52','52','Nulla consequatur rerum adipisci delectus debitis. Rem dolore nihil natus deserunt eos. Sequi cum qui rerum non et.','1980-04-10 13:15:57'),
('53','53','53','Explicabo veniam et animi qui. Pariatur maiores quos atque molestiae. Vel facilis porro quam quas possimus. Perferendis voluptatem ipsa iste maiores.','1985-01-11 12:01:16'),
('54','54','54','Velit soluta adipisci est aut. Rerum voluptate et harum sit cumque ad. Reiciendis et quae similique provident saepe repellat nobis.','1972-09-17 07:54:25'),
('55','55','55','Error molestiae reprehenderit vel voluptas in nobis et in. Pariatur voluptas suscipit eaque modi ratione. Consequatur explicabo optio excepturi repellat. Quibusdam quae rerum nulla.','2004-02-07 06:34:21'),
('56','56','56','Ducimus enim delectus rerum a. Repellat a maiores exercitationem voluptas officiis debitis. Autem qui similique minus illum eligendi. Quo voluptate aspernatur labore exercitationem iure nisi quam incidunt.','2010-12-20 10:24:51'),
('57','57','57','Sapiente veritatis tempore distinctio provident ut maiores quis. Aut accusantium iusto provident. Atque eveniet a iste. Sunt sint sint a totam.','1993-05-13 01:03:17'),
('58','58','58','Non assumenda nam natus. Repudiandae dignissimos laudantium ipsam corporis enim. Amet mollitia molestias eos error perspiciatis iste voluptas officiis. Qui et amet libero cum est omnis tenetur sit.','1991-03-03 10:18:22'),
('59','59','59','Non dignissimos non magnam earum. Ut harum omnis fugiat saepe consequatur. Culpa aut inventore rem. Ab voluptate explicabo consequatur rerum. Commodi sit non ea iste et.','2004-02-02 06:56:01'),
('60','60','60','Temporibus a earum aut culpa maiores. Incidunt suscipit at blanditiis adipisci cupiditate iusto. Cupiditate eos dolorem vel cumque nam ut mollitia in. Non qui perspiciatis veritatis vero et ad. Ratione cum in ex repudiandae tempore dolor.','1988-10-21 12:28:53'),
('61','61','61','Voluptas repudiandae id facilis cum. Hic repudiandae ut deleniti voluptatem. Quisquam debitis blanditiis nam animi minus dolor.','1999-07-09 12:18:58'),
('62','62','62','Aliquam omnis ut eum adipisci qui accusamus est neque. Dolorem nobis ea illum id.','1983-06-20 19:22:40'),
('63','63','63','Magnam quos corrupti aut commodi accusantium quia nobis neque. Eos quae voluptate quisquam et culpa saepe rerum. Dolore tempora velit voluptatibus aperiam repellat laudantium.','1992-09-26 09:51:19'),
('64','64','64','Consequatur laudantium commodi laborum accusamus qui est ut. Asperiores velit nostrum modi incidunt placeat quibusdam. Eum aut voluptatem saepe quod quisquam officiis. Deserunt sit ex laudantium tenetur dolor.','1995-04-28 13:15:05'),
('65','65','65','Libero a aut velit eos consequatur. Est dolor quia dolorem esse quibusdam. Qui qui quisquam omnis iusto qui.','2001-08-14 12:23:32'),
('66','66','66','Aut voluptatem est excepturi tempore aliquam nobis doloribus. Est tenetur numquam maiores voluptas et.','2019-08-02 08:33:51'),
('67','67','67','Quibusdam ducimus sapiente aut ea. Qui nihil consequatur dolore necessitatibus natus occaecati natus. Dolorum necessitatibus rerum repudiandae asperiores perspiciatis.','1979-02-18 15:00:11'),
('68','68','68','Nihil consequuntur molestiae dolorem et temporibus possimus. Perspiciatis quia a quis consectetur dolor. Quis quibusdam enim rem ipsa laudantium distinctio quis.','1970-09-27 09:13:20'),
('69','69','69','In nihil tempora eaque sint consectetur. Sunt vitae ut aut qui. Voluptates numquam et nesciunt non maxime. Aut eos dignissimos quaerat dolorem vitae.','2002-01-12 03:44:29'),
('70','70','70','Placeat nihil vitae qui rem mollitia fugit natus non. Culpa pariatur doloremque similique repellendus quo voluptas sapiente quia. Magni sed debitis eum repellendus cum maiores. Voluptas ut consequatur voluptate qui eos.','1985-02-04 00:39:07'),
('71','71','71','Impedit omnis nisi ab eos quas aut. Ratione enim autem sed odit in totam sit. Recusandae maxime aut facilis dolor veritatis qui. Eum nobis adipisci qui reiciendis voluptatem qui sapiente. Vel eum non reprehenderit et et.','1973-02-07 15:29:42'),
('72','72','72','Quos dolore vero vel voluptas aliquid deleniti. Quod sint et id ut.','1986-03-28 16:34:46'),
('73','73','73','Sequi cumque repellat quibusdam non repudiandae et. Tenetur aut rem vitae quia earum. Quia exercitationem nostrum incidunt saepe et optio perspiciatis. Voluptates iure et ex doloribus assumenda doloribus dolore.','2003-10-24 15:44:14'),
('74','74','74','Possimus assumenda earum non voluptas suscipit. Distinctio rerum sed harum delectus alias quia dolores. Consectetur omnis tempora repellat qui quis. Molestiae et sed voluptas veritatis quod accusamus.','2011-11-03 06:35:38'),
('75','75','75','Necessitatibus expedita est rem ea ut. Maiores quis dignissimos consequatur odit ullam. Aut magnam qui distinctio inventore.','1979-05-28 14:34:03'),
('76','76','76','Architecto adipisci nesciunt deleniti provident non et. Debitis distinctio eaque corrupti unde deserunt expedita qui. Vero cupiditate itaque est rerum est velit.','1979-09-11 23:26:55'),
('77','77','77','Laudantium eius praesentium placeat ut quasi nostrum sequi. Aspernatur et voluptatibus molestiae tempora voluptatem aut fuga. Debitis esse aut dicta eveniet. Magni sed itaque et possimus praesentium.','1975-08-03 06:14:13'),
('78','78','78','Aperiam optio maxime vero quae. Ipsum quibusdam dolore amet sint dolorem ut quis molestiae. Accusamus ut et praesentium.','1979-02-18 15:45:42'),
('79','79','79','Et voluptatum dolorem autem dolore saepe. Deleniti eaque amet dolorum. Minus nisi labore ut voluptatem aut. Non dicta cumque laudantium quod nostrum repudiandae.','2018-12-03 16:35:51'),
('80','80','80','Omnis praesentium aspernatur praesentium. Dicta quae omnis molestiae consequatur veritatis molestiae pariatur. Et autem ut placeat in sed. Quo omnis aut sed.','2000-10-03 09:44:39'),
('81','81','81','Aut itaque qui ut. Fugit recusandae aspernatur est inventore vero deserunt iusto odit. Unde adipisci blanditiis similique non autem. Voluptas aut nihil nostrum et veniam ducimus doloremque. Quis accusantium nihil sed velit sit neque ex.','1998-06-15 18:25:04'),
('82','82','82','Veritatis facilis est consequatur ducimus. Qui aut aut officiis voluptatibus. Illo doloribus sapiente qui quae fugiat veritatis illum. Ut animi nesciunt nemo praesentium quia quis tempore. Facere voluptas vel reiciendis molestiae aut.','1985-10-14 08:26:42'),
('83','83','83','Necessitatibus et ut nobis ut. Et sit quidem qui enim. Incidunt est iusto qui error aspernatur illum. Qui iste quis sint quia.','2003-01-04 14:46:32'),
('84','84','84','Dolorum necessitatibus excepturi velit culpa quia. Libero accusantium aut labore ea earum impedit odio. Necessitatibus facilis id natus voluptas reprehenderit.','1984-09-23 01:37:22'),
('85','85','85','Possimus sint aut numquam ab vel dolorem facere dolor. Facere dolorum minima cum accusantium nesciunt. Quia ut veniam nihil officia sed quasi dignissimos. Et consequatur adipisci eius consequatur voluptatibus.','2008-07-29 15:32:00'),
('86','86','86','Porro velit deleniti eaque numquam accusantium provident iste. Incidunt libero accusamus optio sed quod beatae. Sed tempora non id qui. Dolore ut quae culpa amet quaerat praesentium perspiciatis.','1998-11-17 00:42:26'),
('87','87','87','Laboriosam aliquam reprehenderit nihil voluptatum non aut minus omnis. Aspernatur ipsam placeat dolorem blanditiis natus quibusdam. Eaque ut est vitae culpa.','1985-02-10 01:32:54'),
('88','88','88','Quia deserunt voluptatem nostrum qui sint quo quia. Et eum quia excepturi rerum nostrum rerum aut. Nulla est quasi odit et. Dolorem sed consequatur qui labore.','1981-06-03 01:33:56'),
('89','89','89','Quo voluptas hic eligendi velit explicabo dolorum quidem. Sint quas similique sit id quia ipsam. Tenetur voluptatibus qui voluptas laborum. Minus velit repellendus accusantium doloremque.','1974-04-27 13:09:00'),
('90','90','90','Sed eos odio voluptas soluta quidem voluptas. Aut qui veritatis dolorem et. Quam velit et rem illum ullam.','1976-10-10 15:45:26'),
('91','91','91','Fuga praesentium et et eum delectus. Suscipit nihil non facere autem.','1971-09-19 17:56:22'),
('92','92','92','Nulla incidunt est in. Ipsa eos molestiae tenetur eos. Excepturi accusantium non sunt cum inventore.','1987-10-21 01:54:57'),
('93','93','93','Doloremque aperiam ab non quaerat ea sunt non quisquam. Perspiciatis harum sed autem accusamus. Quidem velit laborum et totam. Quo est et et soluta veritatis voluptatem necessitatibus.','1985-04-27 04:15:27'),
('94','94','94','Voluptatem provident voluptatibus possimus quae nemo ea. Cum ex unde laudantium dolores porro voluptatibus placeat. In nulla qui recusandae veritatis quia. Accusantium accusamus minus labore non assumenda expedita dolor.','1978-08-16 10:49:36'),
('95','95','95','Sint consectetur ullam animi dolor velit et odit. Nobis quo rerum saepe repellendus. Eaque debitis eligendi est ab itaque. Optio neque consequatur repudiandae blanditiis.','2012-06-06 20:10:41'),
('96','96','96','Libero laboriosam inventore nam praesentium dignissimos qui voluptatum. Odit accusamus dolor omnis eos delectus quae aut. Asperiores iusto molestiae blanditiis aut natus enim.','2010-02-27 23:13:58'),
('97','97','97','Veniam blanditiis impedit minus. Et enim repellat sit eum sequi necessitatibus. Neque molestiae enim mollitia. Reiciendis impedit necessitatibus repellat vel quas omnis molestias cum. Culpa itaque repellendus in sed et.','1986-04-19 13:39:00'),
('98','98','98','Aut earum vel voluptatem sint enim sed quas. Non laborum ut sit dolores. Ut non at deserunt non magnam maxime velit sit.','1997-02-26 03:33:53'),
('99','99','99','Eius nesciunt delectus incidunt et. Nostrum quo beatae eum. Qui consectetur earum similique velit aut amet reprehenderit consequatur.','1999-11-22 07:44:33'),
('100','100','100','Vitae veniam consequatur accusamus odit et quam repudiandae ea. Illo id explicabo fuga provident voluptatum. Est qui corporis beatae consequuntur eos quasi omnis et.','2193-11-11 10:24:46'), 
('101','100','100','Vitae veniam consequatur accusamus odit et quam repudiandae ea. Illo id explicabo fuga provident voluptatum. Est qui corporis beatae consequuntur eos quasi omnis et.','2293-11-11 10:24:46'); 

DROP TABLE IF EXISTS `photo_albums`;
CREATE TABLE `photo_albums` (
  `id` bigint(20) unsigned NOT NULL AUTO_INCREMENT,
  `name` varchar(255) COLLATE utf8_unicode_ci DEFAULT NULL,
  `user_id` bigint(20) unsigned DEFAULT NULL,
  PRIMARY KEY (`id`),
  UNIQUE KEY `id` (`id`),
  KEY `user_id` (`user_id`),
  CONSTRAINT `photo_albums_ibfk_1` FOREIGN KEY (`user_id`) REFERENCES `users` (`id`)
) ENGINE=InnoDB AUTO_INCREMENT=101 DEFAULT CHARSET=utf8 COLLATE=utf8_unicode_ci;

INSERT INTO `photo_albums` VALUES ('1','rem','1'),
('2','quidem','2'),
('3','repellat','3'),
('4','ad','4'),
('5','modi','5'),
('6','corrupti','6'),
('7','eaque','7'),
('8','voluptate','8'),
('9','qui','9'),
('10','accusamus','10'),
('11','tenetur','11'),
('12','et','12'),
('13','totam','13'),
('14','officiis','14'),
('15','perspiciatis','15'),
('16','distinctio','16'),
('17','assumenda','17'),
('18','quos','18'),
('19','amet','19'),
('20','id','20'),
('21','officiis','21'),
('22','explicabo','22'),
('23','voluptatem','23'),
('24','reprehenderit','24'),
('25','vel','25'),
('26','velit','26'),
('27','quibusdam','27'),
('28','nihil','28'),
('29','dolores','29'),
('30','eum','30'),
('31','est','31'),
('32','quod','32'),
('33','iste','33'),
('34','assumenda','34'),
('35','aut','35'),
('36','perferendis','36'),
('37','molestias','37'),
('38','mollitia','38'),
('39','voluptatibus','39'),
('40','necessitatibus','40'),
('41','dolores','41'),
('42','est','42'),
('43','est','43'),
('44','non','44'),
('45','dolores','45'),
('46','voluptas','46'),
('47','sunt','47'),
('48','et','48'),
('49','nihil','49'),
('50','ab','50'),
('51','cum','51'),
('52','quia','52'),
('53','eos','53'),
('54','dolores','54'),
('55','autem','55'),
('56','earum','56'),
('57','occaecati','57'),
('58','et','58'),
('59','tenetur','59'),
('60','et','60'),
('61','aut','61'),
('62','et','62'),
('63','voluptates','63'),
('64','vitae','64'),
('65','blanditiis','65'),
('66','ea','66'),
('67','et','67'),
('68','numquam','68'),
('69','accusamus','69'),
('70','porro','70'),
('71','et','71'),
('72','optio','72'),
('73','aut','73'),
('74','ut','74'),
('75','est','75'),
('76','molestias','76'),
('77','voluptatem','77'),
('78','autem','78'),
('79','molestiae','79'),
('80','quasi','80'),
('81','ut','81'),
('82','nihil','82'),
('83','nesciunt','83'),
('84','culpa','84'),
('85','cupiditate','85'),
('86','ut','86'),
('87','enim','87'),
('88','inventore','88'),
('89','sapiente','89'),
('90','quis','90'),
('91','sit','91'),
('92','porro','92'),
('93','impedit','93'),
('94','et','94'),
('95','libero','95'),
('96','aspernatur','96'),
('97','labore','97'),
('98','dolor','98'),
('99','exercitationem','99'),
('100','quia','100'); 


DROP TABLE IF EXISTS `photos`;
CREATE TABLE `photos` (
  `id` bigint(20) unsigned NOT NULL AUTO_INCREMENT,
  `album_id` bigint(20) unsigned NOT NULL,
  `media_id` bigint(20) unsigned NOT NULL,
  PRIMARY KEY (`id`),
  KEY `album_id` (`album_id`),
  KEY `media_id` (`media_id`),
  CONSTRAINT `photos_ibfk_1` FOREIGN KEY (`album_id`) REFERENCES `photo_albums` (`id`),
  CONSTRAINT `photos_ibfk_2` FOREIGN KEY (`media_id`) REFERENCES `media` (`id`)
) ENGINE=InnoDB AUTO_INCREMENT=101 DEFAULT CHARSET=utf8 COLLATE=utf8_unicode_ci;

INSERT INTO `photos` VALUES ('1','1','1'),
('2','2','2'),
('3','3','3'),
('4','4','4'),
('5','5','5'),
('6','6','6'),
('7','7','7'),
('8','8','8'),
('9','9','9'),
('10','10','10'),
('11','11','11'),
('12','12','12'),
('13','13','13'),
('14','14','14'),
('15','15','15'),
('16','16','16'),
('17','17','17'),
('18','18','18'),
('19','19','19'),
('20','20','20'),
('21','21','21'),
('22','22','22'),
('23','23','23'),
('24','24','24'),
('25','25','25'),
('26','26','26'),
('27','27','27'),
('28','28','28'),
('29','29','29'),
('30','30','30'),
('31','31','31'),
('32','32','32'),
('33','33','33'),
('34','34','34'),
('35','35','35'),
('36','36','36'),
('37','37','37'),
('38','38','38'),
('39','39','39'),
('40','40','40'),
('41','41','41'),
('42','42','42'),
('43','43','43'),
('44','44','44'),
('45','45','45'),
('46','46','46'),
('47','47','47'),
('48','48','48'),
('49','49','49'),
('50','50','50'),
('51','51','51'),
('52','52','52'),
('53','53','53'),
('54','54','54'),
('55','55','55'),
('56','56','56'),
('57','57','57'),
('58','58','58'),
('59','59','59'),
('60','60','60'),
('61','61','61'),
('62','62','62'),
('63','63','63'),
('64','64','64'),
('65','65','65'),
('66','66','66'),
('67','67','67'),
('68','68','68'),
('69','69','69'),
('70','70','70'),
('71','71','71'),
('72','72','72'),
('73','73','73'),
('74','74','74'),
('75','75','75'),
('76','76','76'),
('77','77','77'),
('78','78','78'),
('79','79','79'),
('80','80','80'),
('81','81','81'),
('82','82','82'),
('83','83','83'),
('84','84','84'),
('85','85','85'),
('86','86','86'),
('87','87','87'),
('88','88','88'),
('89','89','89'),
('90','90','90'),
('91','91','91'),
('92','92','92'),
('93','93','93'),
('94','94','94'),
('95','95','95'),
('96','96','96'),
('97','97','97'),
('98','98','98'),
('99','99','99'),
('100','100','100'); 


DROP TABLE IF EXISTS `profiles`;
CREATE TABLE `profiles` (
  `user_id` bigint(20) unsigned NOT NULL AUTO_INCREMENT,
  `gender` char(1) COLLATE utf8_unicode_ci DEFAULT NULL,
  `birthday` date DEFAULT NULL,
  `photo_id` bigint(20) unsigned DEFAULT NULL,
  `created_at` datetime DEFAULT current_timestamp(),
  `hometown` varchar(100) COLLATE utf8_unicode_ci DEFAULT NULL,
  `is_active` int DEFAULT 1,
  PRIMARY KEY (`user_id`),
  KEY `photo_id` (`photo_id`),
  CONSTRAINT `profiles_ibfk_1` FOREIGN KEY (`user_id`) REFERENCES `users` (`id`) ON UPDATE CASCADE,
  CONSTRAINT `profiles_ibfk_2` FOREIGN KEY (`photo_id`) REFERENCES `media` (`id`)
) ENGINE=InnoDB AUTO_INCREMENT=101 DEFAULT CHARSET=utf8 COLLATE=utf8_unicode_ci;

INSERT INTO `profiles` (`user_id`, `gender`, `birthday`, `photo_id`, `created_at`, `hometown`) VALUES 
('1',NULL,'1985-12-29','1','2007-06-23 09:55:32',NULL),
('2',NULL,'2012-09-03','2','1996-07-05 22:01:17',NULL),
('3',NULL,'1985-11-19','3','1986-12-04 14:47:14',NULL),
('4',NULL,'1971-01-17','4','1977-09-23 15:26:23',NULL),
('5',NULL,'1988-09-23','5','1983-07-17 17:39:48',NULL),
('6',NULL,'2012-07-17','6','1991-03-08 09:26:01',NULL),
('7',NULL,'1972-11-09','7','2002-12-03 02:52:30',NULL),
('8',NULL,'2002-12-01','8','2005-09-27 03:10:24',NULL),
('9',NULL,'2013-10-15','9','2013-07-27 22:14:25',NULL),
('10',NULL,'1995-12-17','10','1984-08-29 09:54:17',NULL),
('11',NULL,'2002-03-18','11','1980-07-31 14:28:10',NULL),
('12',NULL,'2015-02-05','12','1987-11-01 13:42:58',NULL),
('13',NULL,'2011-08-17','13','1972-10-05 13:41:29',NULL),
('14',NULL,'1987-04-03','14','1984-10-07 05:23:49',NULL),
('15',NULL,'1973-04-23','15','1985-02-17 08:56:15',NULL),
('16',NULL,'2001-04-16','16','2013-01-18 12:11:00',NULL),
('17',NULL,'2013-10-15','17','1989-01-23 17:24:08',NULL),
('18',NULL,'1992-08-29','18','2019-06-08 19:38:24',NULL),
('19',NULL,'1992-03-04','19','1984-05-28 13:03:59',NULL),
('20',NULL,'1983-10-04','20','1992-11-30 09:18:30',NULL),
('21',NULL,'2011-02-19','21','2013-07-08 05:00:53',NULL),
('22',NULL,'1972-06-30','22','1989-03-11 19:44:13',NULL),
('23',NULL,'1994-11-26','23','1992-03-16 05:59:17',NULL),
('24',NULL,'1997-02-24','24','2013-04-28 16:04:59',NULL),
('25',NULL,'1999-07-24','25','1978-04-29 01:10:46',NULL),
('26',NULL,'2007-07-04','26','1987-09-17 00:03:56',NULL),
('27',NULL,'1970-07-30','27','1978-10-29 21:44:06',NULL),
('28',NULL,'1981-04-30','28','1989-06-27 21:04:32',NULL),
('29',NULL,'2000-03-29','29','1986-05-25 16:30:14',NULL),
('30',NULL,'2018-01-04','30','1986-06-03 07:37:17',NULL),
('31',NULL,'1976-06-27','31','1995-09-22 12:13:30',NULL),
('32',NULL,'1982-08-04','32','1993-12-18 18:40:50',NULL),
('33',NULL,'2006-12-31','33','1986-05-27 10:49:24',NULL),
('34',NULL,'1982-09-19','34','1979-05-29 05:07:26',NULL),
('35',NULL,'2019-12-19','35','2004-12-07 22:23:06',NULL),
('36',NULL,'1971-01-23','36','1978-09-21 16:04:45',NULL),
('37',NULL,'2008-02-25','37','2010-08-11 11:46:33',NULL),
('38',NULL,'2017-01-11','38','1971-11-22 02:53:54',NULL),
('39',NULL,'1987-12-22','39','2004-04-24 20:21:06',NULL),
('40',NULL,'2017-03-01','40','1993-02-07 11:40:32',NULL),
('41',NULL,'1972-05-19','41','1978-12-02 10:50:14',NULL),
('42',NULL,'1974-09-06','42','2002-06-12 12:18:32',NULL),
('43',NULL,'1977-07-12','43','1999-04-14 10:57:01',NULL),
('44',NULL,'1995-05-14','44','1971-04-11 12:09:43',NULL),
('45',NULL,'1985-11-15','45','2000-01-04 03:07:53',NULL),
('46',NULL,'2012-01-31','46','1985-06-14 12:09:36',NULL),
('47',NULL,'2000-01-10','47','1982-09-28 22:28:39',NULL),
('48',NULL,'2019-06-15','48','1983-10-24 12:03:50',NULL),
('49',NULL,'1981-04-24','49','1995-09-14 14:38:36',NULL),
('50',NULL,'1976-03-20','50','1982-03-15 18:49:12',NULL),
('51',NULL,'1985-09-27','51','1979-04-19 01:58:28',NULL),
('52',NULL,'1970-01-08','52','2012-08-26 18:38:33',NULL),
('53',NULL,'2007-06-01','53','2003-11-23 15:18:58',NULL),
('54',NULL,'2017-09-03','54','1990-08-15 14:54:44',NULL),
('55',NULL,'2014-08-09','55','2010-12-17 22:25:54',NULL),
('56',NULL,'1987-06-06','56','1980-01-22 16:03:49',NULL),
('57',NULL,'1975-04-21','57','1997-01-29 16:52:21',NULL),
('58',NULL,'1997-12-02','58','1972-02-23 19:51:33',NULL),
('59',NULL,'2015-04-22','59','2009-01-26 14:50:01',NULL),
('60',NULL,'1994-03-25','60','2012-03-12 04:28:14',NULL),
('61',NULL,'1980-06-07','61','1971-09-23 21:19:15',NULL),
('62',NULL,'1998-11-25','62','2000-03-16 02:49:15',NULL),
('63',NULL,'1992-06-15','63','1974-04-18 06:25:36',NULL),
('64',NULL,'1980-02-09','64','2004-05-23 11:21:08',NULL),
('65',NULL,'2017-12-02','65','1984-12-14 22:58:28',NULL),
('66',NULL,'2009-09-13','66','1989-09-29 21:03:59',NULL),
('67',NULL,'1995-08-22','67','2003-06-30 11:22:03',NULL),
('68',NULL,'2011-02-08','68','1992-08-02 23:08:46',NULL),
('69',NULL,'2016-02-22','69','1971-09-14 05:57:32',NULL),
('70',NULL,'1979-04-18','70','1979-10-29 17:10:12',NULL),
('71',NULL,'2000-03-14','71','1987-11-06 18:28:42',NULL),
('72',NULL,'1986-05-14','72','1977-05-27 17:06:19',NULL),
('73',NULL,'2004-05-09','73','2003-05-09 04:38:26',NULL),
('74',NULL,'1979-11-10','74','1996-02-22 13:02:43',NULL),
('75',NULL,'2005-09-28','75','1982-02-21 12:09:57',NULL),
('76',NULL,'2019-05-25','76','2018-09-30 18:35:17',NULL),
('77',NULL,'2017-06-27','77','1985-08-17 16:41:08',NULL),
('78',NULL,'2012-12-12','78','2002-05-13 22:02:41',NULL),
('79',NULL,'1983-03-29','79','1970-04-20 08:00:58',NULL),
('80',NULL,'1988-03-22','80','1978-09-30 13:51:44',NULL),
('81',NULL,'2007-02-23','81','1983-05-08 07:26:21',NULL),
('82',NULL,'1996-04-27','82','2007-12-08 09:42:41',NULL),
('83',NULL,'2009-03-25','83','2004-10-16 01:55:49',NULL),
('84',NULL,'1974-01-22','84','2016-02-16 02:15:48',NULL),
('85',NULL,'1979-03-17','85','1972-08-26 18:02:59',NULL),
('86',NULL,'1974-09-04','86','2009-11-16 14:51:20',NULL),
('87',NULL,'2005-06-06','87','2018-09-07 10:14:44',NULL),
('88',NULL,'1974-07-25','88','2008-09-19 20:25:27',NULL),
('89',NULL,'1999-05-09','89','1980-10-29 21:28:39',NULL),
('90',NULL,'2013-04-17','90','1977-05-13 16:41:43',NULL),
('91',NULL,'1996-11-14','91','2005-08-14 02:25:33',NULL),
('92',NULL,'1981-01-25','92','2017-08-31 10:38:46',NULL),
('93',NULL,'2000-09-28','93','2015-09-21 03:00:37',NULL),
('94',NULL,'1996-07-25','94','1983-11-06 08:45:53',NULL),
('95',NULL,'1976-08-08','95','2008-11-21 19:49:35',NULL),
('96',NULL,'1995-10-16','96','1990-03-16 01:03:27',NULL),
('97',NULL,'2003-10-23','97','2012-06-13 16:59:48',NULL),
('98',NULL,'1989-07-29','98','2011-02-14 13:27:33',NULL),
('99',NULL,'1987-07-05','99','2019-09-08 22:06:48',NULL),
('100',NULL,'2016-08-01','100','1989-09-28 15:15:55',NULL); 


DROP TABLE IF EXISTS `users`;
CREATE TABLE `users` (
  `id` bigint(20) unsigned NOT NULL AUTO_INCREMENT,
  `firstname` varchar(50) COLLATE utf8_unicode_ci DEFAULT NULL,
  `lastname` varchar(50) COLLATE utf8_unicode_ci DEFAULT NULL COMMENT 'Фамиль',
  `email` varchar(120) COLLATE utf8_unicode_ci DEFAULT NULL,
  `phone` bigint(20) DEFAULT NULL,
  PRIMARY KEY (`id`),
  UNIQUE KEY `email` (`email`),
  KEY `users_phone_idx` (`phone`),
  KEY `users_firstname_lastname_idx` (`firstname`,`lastname`)
) ENGINE=InnoDB AUTO_INCREMENT=101 DEFAULT CHARSET=utf8 COLLATE=utf8_unicode_ci;

INSERT INTO `users` VALUES ('1','Sigrid','Quigley','crystel.cole@example.com','902630'),
('2','General','Sporer','senger.jovany@example.com','0'),
('3','Maryam','Marks','bosco.bernadette@example.com','1'),
('4','Ayla','Mertz','kassandra89@example.com','916002'),
('5','Afton','Dare','eve.mann@example.com','892614'),
('6','Rebeca','Waters','wendy27@example.net','65'),
('7','Natasha','Ritchie','alford.reilly@example.org','490'),
('8','Lenora','Will','schimmel.candace@example.com','1'),
('9','Aletha','Bergstrom','halvorson.myrtle@example.com','538'),
('10','Wilbert','Purdy','leuschke.gerhard@example.org','1'),
('11','Felix','Ledner','whoeger@example.org','391968'),
('12','Dillon','Wisozk','tdibbert@example.com','0'),
('13','Alvina','Purdy','alyce55@example.com','743'),
('14','Stefanie','Hayes','itreutel@example.org','93'),
('15','Sidney','Cormier','aschaden@example.org','38'),
('16','Declan','Hamill','connie.williamson@example.net','6042186393'),
('17','Maximilian','Batz','carmella09@example.com','95421'),
('18','Astrid','Rogahn','ckoepp@example.org','914'),
('19','Chelsie','Stokes','esteban94@example.com','1'),
('20','Gabrielle','Mueller','pemard@example.net','0'),
('21','Erick','Rutherford','pamela21@example.net','46381'),
('22','Lindsey','Prohaska','goldner.maribel@example.org','358931887'),
('23','Nico','Hoppe','dominique62@example.org','188'),
('24','Raoul','Gibson','zshanahan@example.org','8563227417'),
('25','Lesly','Kessler','mcdermott.maverick@example.com','126342'),
('26','Meggie','Fritsch','mcorwin@example.org','749'),
('27','Emile','Williamson','braeden26@example.net','522'),
('28','Arnulfo','Schuster','williamson.isabell@example.net','29211'),
('29','Sven','DuBuque','jones.sarai@example.org','624'),
('30','Guy','Maggio','whammes@example.com','601'),
('31','Collin','Schowalter','walter.franco@example.net','0'),
('32','Marjorie','Raynor','bechtelar.garth@example.com','0'),
('33','Kaleb','Bartell','delfina.schulist@example.com','979381'),
('34','Lukas','Hammes','mraz.ana@example.org','98'),
('35','Jany','DuBuque','abshire.hattie@example.com','1'),
('36','Jimmy','Shields','edwardo.grant@example.com','784'),
('37','Sven','Von','fmoen@example.com','0'),
('38','Melba','Nicolas','jarod53@example.com','651963'),
('39','Mose','Williamson','donna38@example.org','834134'),
('40','Keith','Howe','rcummings@example.org','1'),
('41','Janis','Dicki','cleora.casper@example.com','0'),
('42','Shanon','Watsica','rudy.kutch@example.net','1'),
('43','Kaycee','Kuhn','milo.altenwerth@example.org','1'),
('44','Graham','Langworth','langworth.gwendolyn@example.com','10'),
('45','Reed','Schultz','uhalvorson@example.com','0'),
('46','Pietro','Runolfsdottir','xbotsford@example.org','1'),
('47','Mariam','Jerde','deckow.makenna@example.net','3674275826'),
('48','Izaiah','Reichert','raul.metz@example.org','438'),
('49','Myrtice','Aufderhar','elvie.flatley@example.com','4514177834'),
('50','Athena','Murazik','connor55@example.org','0'),
('51','Naomie','Bergnaum','khalil.mitchell@example.net','0'),
('52','Alberto','Wintheiser','dena.jenkins@example.com','7566960851'),
('53','Chaim','Langosh','heidenreich.janae@example.org','1'),
('54','Jasen','Heidenreich','smoen@example.org','6371642491'),
('55','Josianne','Kutch','mozell56@example.com','545618'),
('56','Dale','Schulist','clovis.friesen@example.net','0'),
('57','Cynthia','Lowe','jacobs.reynold@example.org','84095'),
('58','Reyna','Goodwin','samara41@example.com','0'),
('59','Shaylee','Huel','dangelo70@example.com','931108'),
('60','Euna','Bergnaum','ekuphal@example.org','0'),
('61','Alvera','Koepp','isabell.harvey@example.org','118'),
('62','Zetta','Waters','golden15@example.com','417'),
('63','Miller','Reilly','ziemann.pamela@example.com','60'),
('64','Eva','Witting','ebert.palma@example.com','1'),
('65','Maiya','Harris','erika.lemke@example.com','519772'),
('66','Callie','Runolfsson','vreichert@example.net','1'),
('67','Stanford','Durgan','jterry@example.net','453'),
('68','Brendan','Legros','vflatley@example.com','0'),
('69','Glenna','Purdy','vvon@example.com','872885'),
('70','Shanelle','Goodwin','purdy.brent@example.com','1'),
('71','Cara','Farrell','kendra82@example.com','371198'),
('72','Melody','Bartell','parisian.marcus@example.com','381'),
('73','Jordon','Collier','kkuphal@example.net','181651'),
('74','Ramon','Conroy','jeramie30@example.org','47047'),
('75','Jaime','Walter','swaniawski.sammie@example.com','861627'),
('76','Maxine','Quigley','devyn10@example.com','211072'),
('77','Herta','Daugherty','uprosacco@example.com','1'),
('78','Christophe','Dach','emosciski@example.org','1'),
('79','Jeffrey','Kunze','mabelle.graham@example.net','1'),
('80','Rene','D\'Amore','dora.parker@example.net','373603'),
('81','Cristina','Hirthe','gnienow@example.org','1'),
('82','Carlotta','Johnston','monserrate.stanton@example.com','785'),
('83','Gwendolyn','Willms','ulittle@example.org','71'),
('84','Lizeth','Schinner','herman.johnny@example.com','4213431208'),
('85','Hazel','Pacocha','mclaughlin.roberta@example.net','1'),
('86','Courtney','Runte','gstoltenberg@example.net','70'),
('87','Craig','Dietrich','nlittel@example.org','1'),
('88','Kobe','Stamm','gennaro23@example.org','738766'),
('89','Eunice','Mraz','pruecker@example.net','26'),
('90','Lue','Runolfsdottir','so\'conner@example.net','800263'),
('91','Cordelia','Beatty','dale.will@example.org','781'),
('92','Linda','Hirthe','goodwin.sophia@example.com','1'),
('93','Quincy','Johnston','meda10@example.net','0'),
('94','Corene','Gleichner','carmine05@example.net','65'),
('95','Xavier','Jast','karlie19@example.com','606744'),
('96','Ollie','Doyle','holden.goldner@example.net','0'),
('97','Alene','Nikolaus','idell.schneider@example.net','1'),
('98','Blanca','Reilly','hilll.chyna@example.net','0'),
('99','Janelle','McGlynn','carol41@example.org','1'),
('100','Dwight','Morar','jerrod.konopelski@example.com','748368'),
('101','Afton','Dare','eve.mann@example1.com','8926142'),
('102','Afton','Dare','eve.mann@example2.com','8926143');


DROP TABLE IF EXISTS `users_communities`;
CREATE TABLE `users_communities` (
  `user_id` bigint(20) unsigned NOT NULL,
  `community_id` bigint(20) unsigned NOT NULL,
  PRIMARY KEY (`user_id`,`community_id`),
  KEY `community_id` (`community_id`),
  CONSTRAINT `users_communities_ibfk_1` FOREIGN KEY (`user_id`) REFERENCES `users` (`id`),
  CONSTRAINT `users_communities_ibfk_2` FOREIGN KEY (`community_id`) REFERENCES `communities` (`id`)
) ENGINE=InnoDB DEFAULT CHARSET=utf8 COLLATE=utf8_unicode_ci;

INSERT INTO `users_communities` VALUES ('1','1'),
('2','2'),
('3','3'),
('4','4'),
('5','5'),
('6','6'),
('7','7'),
('8','8'),
('9','9'),
('10','10'),
('11','11'),
('12','12'),
('13','13'),
('14','14'),
('15','15'),
('16','16'),
('17','17'),
('18','18'),
('19','19'),
('20','20'),
('21','21'),
('22','22'),
('23','23'),
('24','24'),
('25','25'),
('26','26'),
('27','27'),
('28','28'),
('29','29'),
('30','30'),
('31','31'),
('32','32'),
('33','33'),
('34','34'),
('35','35'),
('36','36'),
('37','37'),
('38','38'),
('39','39'),
('40','40'),
('41','41'),
('42','42'),
('43','43'),
('44','44'),
('45','45'),
('46','46'),
('47','47'),
('48','48'),
('49','49'),
('50','50'),
('51','51'),
('52','52'),
('53','53'),
('54','54'),
('55','55'),
('56','56'),
('57','57'),
('58','58'),
('59','59'),
('60','60'),
('61','61'),
('62','62'),
('63','63'),
('64','64'),
('65','65'),
('66','66'),
('67','67'),
('68','68'),
('69','69'),
('70','70'),
('71','71'),
('72','72'),
('73','73'),
('74','74'),
('75','75'),
('76','76'),
('77','77'),
('78','78'),
('79','79'),
('80','80'),
('81','81'),
('82','82'),
('83','83'),
('84','84'),
('85','85'),
('86','86'),
('87','87'),
('88','88'),
('89','89'),
('90','90'),
('91','91'),
('92','92'),
('93','93'),
('94','94'),
('95','95'),
('96','96'),
('97','97'),
('98','98'),
('99','99'),
('100','100'); 




/*!40101 SET SQL_MODE=@OLD_SQL_MODE */;
/*!40014 SET FOREIGN_KEY_CHECKS=@OLD_FOREIGN_KEY_CHECKS */;
/*!40014 SET UNIQUE_CHECKS=@OLD_UNIQUE_CHECKS */;
/*!40101 SET CHARACTER_SET_CLIENT=@OLD_CHARACTER_SET_CLIENT */;
/*!40101 SET CHARACTER_SET_RESULTS=@OLD_CHARACTER_SET_RESULTS */;
/*!40101 SET COLLATION_CONNECTION=@OLD_COLLATION_CONNECTION */;
/*!40111 SET SQL_NOTES=@OLD_SQL_NOTES */;

