DROP DATABASE IF EXISTS store;
CREATE DATABASE store;
USE store;


DROP TABLE IF EXISTS `catalogs`;
CREATE TABLE `catalogs` (
  `id` bigint(20) unsigned NOT NULL AUTO_INCREMENT,
  `name` varchar(50) COLLATE utf8_unicode_ci NOT NULL,
  PRIMARY KEY (`id`),
  KEY `catalog_idx` (`name`)
) ENGINE=InnoDB AUTO_INCREMENT=21 DEFAULT CHARSET=utf8 COLLATE=utf8_unicode_ci;

INSERT INTO `catalogs` VALUES ('10','aut'),
('3','deserunt'),
('5','eos'),
('4','et'),
('18','et'),
('6','iure'),
('20','nemo'),
('13','omnis'),
('12','optio'),
('1','quaerat'),
('2','qui'),
('14','quo'),
('8','rerum'),
('19','sint'),
('15','sit'),
('16','soluta'),
('17','veniam'),
('7','veritatis'),
('11','vitae'),
('9','voluptatum'); 


DROP TABLE IF EXISTS `products`;
CREATE TABLE `products` (
  `id` bigint(20) unsigned NOT NULL AUTO_INCREMENT,
  `name` varchar(50) COLLATE utf8_unicode_ci NOT NULL,
  `catalog_id` bigint(20) unsigned NOT NULL,
  `coast` int(11) NOT NULL,
  PRIMARY KEY (`id`),
  KEY `catalog_idx` (`catalog_id`),
  KEY `name_idx` (`name`),
  CONSTRAINT `products_ibfk_1` FOREIGN KEY (`catalog_id`) REFERENCES `catalogs` (`id`)
) ENGINE=InnoDB AUTO_INCREMENT=201 DEFAULT CHARSET=utf8 COLLATE=utf8_unicode_ci;

INSERT INTO `products` VALUES ('1','ea','1','7'),
('2','cumque','2','9'),
('3','minus','3','2'),
('4','tenetur','4','6'),
('5','velit','5','8'),
('6','laudantium','6','5'),
('7','voluptas','7','4'),
('8','non','8','6'),
('9','aut','9','5'),
('10','doloribus','10','4'),
('11','sed','11','1'),
('12','necessitatibus','12','4'),
('13','quidem','13','9'),
('14','quia','14','5'),
('15','dolor','15','1'),
('16','sunt','16','6'),
('17','sed','17','8'),
('18','incidunt','18','7'),
('19','praesentium','19','7'),
('20','error','20','5'),
('21','dolorem','1','7'),
('22','id','2','5'),
('23','adipisci','3','3'),
('24','sit','4','3'),
('25','perferendis','5','2'),
('26','facere','6','1'),
('27','quia','7','3'),
('28','et','8','2'),
('29','necessitatibus','9','5'),
('30','maiores','10','7'),
('31','animi','11','4'),
('32','debitis','12','4'),
('33','est','13','2'),
('34','voluptatem','14','9'),
('35','cum','15','9'),
('36','libero','16','6'),
('37','sed','17','9'),
('38','sapiente','18','9'),
('39','sit','19','5'),
('40','quas','20','2'),
('41','aut','1','4'),
('42','vel','2','5'),
('43','magni','3','1'),
('44','quis','4','5'),
('45','dolor','5','1'),
('46','quaerat','6','8'),
('47','sequi','7','2'),
('48','quos','8','9'),
('49','consequatur','9','6'),
('50','adipisci','10','4'),
('51','enim','11','8'),
('52','modi','12','7'),
('53','incidunt','13','8'),
('54','iusto','14','3'),
('55','consequatur','15','2'),
('56','odio','16','5'),
('57','ut','17','3'),
('58','deserunt','18','8'),
('59','commodi','19','4'),
('60','numquam','20','9'),
('61','numquam','1','9'),
('62','quia','2','2'),
('63','nihil','3','7'),
('64','et','4','9'),
('65','aut','5','9'),
('66','ut','6','5'),
('67','quia','7','6'),
('68','consequatur','8','6'),
('69','et','9','7'),
('70','est','10','3'),
('71','temporibus','11','5'),
('72','perspiciatis','12','4'),
('73','ut','13','7'),
('74','nulla','14','6'),
('75','aut','15','9'),
('76','non','16','3'),
('77','nam','17','9'),
('78','voluptatem','18','9'),
('79','sed','19','3'),
('80','autem','20','5'),
('81','magni','1','4'),
('82','asperiores','2','8'),
('83','nisi','3','6'),
('84','veritatis','4','9'),
('85','itaque','5','7'),
('86','reprehenderit','6','6'),
('87','impedit','7','6'),
('88','deserunt','8','7'),
('89','placeat','9','5'),
('90','vitae','10','1'),
('91','deserunt','11','4'),
('92','at','12','9'),
('93','unde','13','9'),
('94','in','14','2'),
('95','est','15','9'),
('96','est','16','6'),
('97','ut','17','1'),
('98','sint','18','5'),
('99','unde','19','4'),
('100','accusantium','20','8'),
('101','soluta','1','9'),
('102','a','2','9'),
('103','qui','3','9'),
('104','dicta','4','8'),
('105','est','5','2'),
('106','dolor','6','9'),
('107','consequatur','7','1'),
('108','odit','8','9'),
('109','exercitationem','9','4'),
('110','est','10','7'),
('111','rem','11','1'),
('112','commodi','12','9'),
('113','quasi','13','1'),
('114','nobis','14','1'),
('115','sit','15','6'),
('116','amet','16','6'),
('117','consequatur','17','2'),
('118','temporibus','18','5'),
('119','dicta','19','6'),
('120','voluptas','20','5'),
('121','reiciendis','1','2'),
('122','ipsa','2','3'),
('123','id','3','1'),
('124','autem','4','8'),
('125','ut','5','9'),
('126','aut','6','6'),
('127','quia','7','6'),
('128','dolorem','8','2'),
('129','voluptatum','9','7'),
('130','suscipit','10','5'),
('131','corporis','11','5'),
('132','corrupti','12','7'),
('133','sint','13','3'),
('134','voluptate','14','3'),
('135','voluptas','15','5'),
('136','voluptatem','16','3'),
('137','explicabo','17','4'),
('138','est','18','9'),
('139','labore','19','5'),
('140','molestiae','20','9'),
('141','animi','1','6'),
('142','magnam','2','1'),
('143','et','3','5'),
('144','voluptatem','4','9'),
('145','deserunt','5','3'),
('146','voluptatem','6','9'),
('147','est','7','6'),
('148','quisquam','8','4'),
('149','facilis','9','6'),
('150','harum','10','6'),
('151','esse','11','8'),
('152','dolores','12','9'),
('153','dicta','13','4'),
('154','voluptatem','14','9'),
('155','eum','15','8'),
('156','corrupti','16','2'),
('157','rerum','17','2'),
('158','voluptatem','18','3'),
('159','ducimus','19','4'),
('160','qui','20','7'),
('161','similique','1','4'),
('162','maxime','2','8'),
('163','nobis','3','4'),
('164','consequatur','4','2'),
('165','cum','5','5'),
('166','maxime','6','7'),
('167','voluptatem','7','1'),
('168','non','8','2'),
('169','dolorem','9','4'),
('170','minima','10','4'),
('171','porro','11','2'),
('172','ullam','12','4'),
('173','aut','13','2'),
('174','voluptatem','14','9'),
('175','rerum','15','5'),
('176','totam','16','5'),
('177','non','17','1'),
('178','exercitationem','18','9'),
('179','quas','19','6'),
('180','explicabo','20','5'),
('181','in','1','2'),
('182','et','2','5'),
('183','repellat','3','7'),
('184','sunt','4','6'),
('185','quisquam','5','7'),
('186','tempora','6','1'),
('187','commodi','7','1'),
('188','culpa','8','2'),
('189','est','9','5'),
('190','quia','10','1'),
('191','iusto','11','9'),
('192','ut','12','5'),
('193','modi','13','5'),
('194','minima','14','6'),
('195','consequuntur','15','6'),
('196','totam','16','5'),
('197','veritatis','17','5'),
('198','fugiat','18','2'),
('199','a','19','6'),
('200','officia','20','1'); 


DROP TABLE IF EXISTS `suppliers`;
CREATE TABLE `suppliers` (
  `id` bigint(20) unsigned NOT NULL AUTO_INCREMENT,
  `address` varchar(50) COLLATE utf8_unicode_ci NOT NULL,
  `firstname` varchar(50) COLLATE utf8_unicode_ci NOT NULL,
  `lastname` varchar(50) COLLATE utf8_unicode_ci NOT NULL,
  PRIMARY KEY (`id`),
  KEY `name_idx` (`firstname`,`lastname`)
) ENGINE=InnoDB AUTO_INCREMENT=21 DEFAULT CHARSET=utf8 COLLATE=utf8_unicode_ci;

INSERT INTO `suppliers` VALUES ('1','625 Jaylan Motorway Suite 409\nLeviland, NH 73397','Terence','Schamberger'),
('2','21229 Jaclyn Mews\nGleasonborough, NH 45888','Dewayne','Lesch'),
('3','52844 Boyer Hollow Suite 984\nEast Masonside, CT 96','Meda','McKenzie'),
('4','1960 Una Freeway\nPort Beverly, LA 86405','Terrance','Daniel'),
('5','01493 Sallie Ford Apt. 918\nSouth Amiraburgh, AK 62','Milan','Botsford'),
('6','5603 DuBuque Forge\nLake Davinberg, VA 77651','Shanny','Ruecker'),
('7','8834 Ondricka Cape Suite 139\nCasimirside, MO 63602','Johan','Armstrong'),
('8','139 Koss Crescent Apt. 318\nNew Caylatown, KY 50588','Darion','Rodriguez'),
('9','23980 Joelle Estates Apt. 190\nStanburgh, WI 05042-','Liliana','Streich'),
('10','9977 Larissa Pine\nRogahnborough, AR 20404-5156','Jacinthe','Christiansen'),
('11','2031 Langosh Roads\nEast Ronchester, DC 05048','Henderson','Hauck'),
('12','96914 Adolph Stream\nHoppeside, CT 53752-8696','Bertram','Dibbert'),
('13','10854 Michelle Plains\nHaagville, IA 61862','Marian','Beatty'),
('14','042 Mohr Lodge\nBlandamouth, NV 16156-7776','Gregorio','Roob'),
('15','2766 Jast Knolls Apt. 099\nHoppehaven, DE 60480','Joy','Kunde'),
('16','7635 Claud Stravenue Apt. 520\nHaagchester, IL 8027','Tevin','Brown'),
('17','55877 Torphy Walks\nRutherfordmouth, MO 42704-5048','Megane','Littel'),
('18','94249 Elody Station Suite 551\nEast Madalyn, NC 900','Rasheed','Flatley'),
('19','76565 Sawayn Row\nAudreanneview, FL 18842-2779','Dorian','Cassin'),
('20','8516 Bailey Brooks\nNorth Herminaborough, NY 05476-','Randall','O\'Keefe'); 


DROP TABLE IF EXISTS `supply`;
CREATE TABLE `supply` (
  `id` bigint(20) unsigned NOT NULL AUTO_INCREMENT,
  `supplier_id` bigint(20) unsigned NOT NULL,
  `date_supply` datetime DEFAULT current_timestamp(),
  PRIMARY KEY (`id`),
  KEY `supply_idx` (`id`),
  KEY `supplier_idx` (`supplier_id`),
  CONSTRAINT `supply_ibfk_1` FOREIGN KEY (`supplier_id`) REFERENCES `suppliers` (`id`)
) ENGINE=InnoDB AUTO_INCREMENT=101 DEFAULT CHARSET=utf8 COLLATE=utf8_unicode_ci;

INSERT INTO `supply` VALUES ('1','1','1992-11-07 23:01:04'),
('2','2','1997-06-23 17:16:50'),
('3','3','1980-12-26 22:43:14'),
('4','4','2016-11-17 06:13:12'),
('5','5','2003-04-13 12:01:30'),
('6','6','1998-11-14 22:11:51'),
('7','7','2015-12-18 09:39:56'),
('8','8','2005-03-31 03:00:58'),
('9','9','2005-02-12 01:59:51'),
('10','10','1974-12-22 17:23:51'),
('11','11','1993-11-11 16:34:02'),
('12','12','1992-02-16 22:03:26'),
('13','13','1987-08-23 11:02:08'),
('14','14','2008-04-11 12:40:02'),
('15','15','1986-05-13 09:23:52'),
('16','16','2003-02-07 06:11:50'),
('17','17','2002-11-13 13:59:24'),
('18','18','2018-11-08 10:50:51'),
('19','19','2005-08-13 02:59:10'),
('20','20','2010-10-31 12:38:37'),
('21','1','1980-05-27 23:45:53'),
('22','2','2017-05-24 19:12:11'),
('23','3','2012-02-16 00:50:32'),
('24','4','1995-06-24 02:24:08'),
('25','5','1974-12-18 02:06:53'),
('26','6','1974-08-01 14:30:37'),
('27','7','1991-10-01 09:10:57'),
('28','8','1985-10-22 06:25:08'),
('29','9','1971-05-22 04:04:52'),
('30','10','2007-05-19 00:17:57'),
('31','11','2004-03-19 11:21:40'),
('32','12','1997-05-22 11:41:58'),
('33','13','2001-12-24 12:15:56'),
('34','14','2013-09-04 08:49:49'),
('35','15','1997-01-01 10:46:09'),
('36','16','1977-01-14 06:04:32'),
('37','17','1979-10-16 20:51:27'),
('38','18','1982-08-28 22:38:16'),
('39','19','1974-09-18 23:52:58'),
('40','20','2014-03-24 04:21:31'),
('41','1','1997-01-07 20:08:49'),
('42','2','2004-07-25 01:18:55'),
('43','3','2009-01-24 22:31:38'),
('44','4','2018-12-15 09:48:45'),
('45','5','1995-02-10 17:15:21'),
('46','6','2017-11-17 15:11:50'),
('47','7','1998-03-13 00:32:54'),
('48','8','2008-10-06 22:34:31'),
('49','9','1991-04-05 01:56:22'),
('50','10','1978-05-06 10:28:36'),
('51','11','2000-02-19 21:13:54'),
('52','12','1991-08-15 02:09:57'),
('53','13','2005-09-03 10:17:25'),
('54','14','2019-11-23 19:53:53'),
('55','15','1972-06-19 14:01:06'),
('56','16','1974-10-06 19:58:43'),
('57','17','1990-05-28 07:16:46'),
('58','18','1998-06-27 13:02:03'),
('59','19','1995-05-10 07:50:14'),
('60','20','2009-11-07 21:52:46'),
('61','1','2000-12-02 12:24:55'),
('62','2','1996-08-05 04:37:37'),
('63','3','1985-06-18 16:53:37'),
('64','4','2008-02-20 02:21:18'),
('65','5','2005-07-23 20:22:02'),
('66','6','2014-07-23 03:11:39'),
('67','7','2020-01-01 21:05:49'),
('68','8','1980-01-21 22:28:08'),
('69','9','1970-04-22 01:27:54'),
('70','10','1996-12-25 17:06:02'),
('71','11','2012-11-17 00:29:33'),
('72','12','2018-04-06 06:53:36'),
('73','13','1985-09-22 07:34:01'),
('74','14','1973-12-19 17:40:27'),
('75','15','2006-07-28 23:04:52'),
('76','16','1991-04-18 05:40:15'),
('77','17','1994-12-20 12:07:00'),
('78','18','1976-09-29 19:29:22'),
('79','19','1985-03-04 08:47:11'),
('80','20','1978-03-08 19:46:17'),
('81','1','1997-10-04 06:42:40'),
('82','2','1999-07-11 02:28:01'),
('83','3','1980-05-13 18:04:36'),
('84','4','1996-10-04 16:11:09'),
('85','5','1970-11-17 08:23:06'),
('86','6','2001-04-28 07:48:47'),
('87','7','2002-08-11 12:12:45'),
('88','8','1972-11-24 11:54:27'),
('89','9','2012-12-09 07:32:05'),
('90','10','1990-07-04 22:01:04'),
('91','11','2008-06-11 10:25:19'),
('92','12','1984-05-19 00:28:48'),
('93','13','1978-08-03 23:40:39'),
('94','14','1978-04-12 17:57:35'),
('95','15','1993-09-10 14:06:22'),
('96','16','1983-02-15 19:25:40'),
('97','17','1980-08-18 12:52:22'),
('98','18','2000-02-10 02:33:34'),
('99','19','2007-06-08 20:25:31'),
('100','20','1998-08-10 23:44:47'); 


DROP TABLE IF EXISTS `supplied_products`;
CREATE TABLE `supplied_products` (
  `supply_id` bigint(20) unsigned NOT NULL,
  `product_id` bigint(20) unsigned NOT NULL,
  `count_product` int(10) unsigned NOT NULL,
  PRIMARY KEY (`supply_id`,`product_id`),
  KEY `supply_idx` (`supply_id`),
  KEY `supplier_idx` (`product_id`),
  CONSTRAINT `supplied_products_ibfk_1` FOREIGN KEY (`supply_id`) REFERENCES `supply` (`id`),
  CONSTRAINT `supplied_products_ibfk_2` FOREIGN KEY (`product_id`) REFERENCES `products` (`id`)
) ENGINE=InnoDB DEFAULT CHARSET=utf8 COLLATE=utf8_unicode_ci;

INSERT INTO `supplied_products` VALUES ('1','1','27'),
('1','101','33'),
('2','1','33'),
('2','102','36'),
('3','3','34'),
('3','103','38'),
('4','4','35'),
('4','104','38'),
('5','5','39'),
('5','105','35'),
('6','6','37'),
('6','106','32'),
('7','7','34'),
('7','107','35'),
('8','8','33'),
('8','108','32'),
('9','9','37'),
('9','109','38'),
('10','10','36'),
('10','110','34'),
('11','11','34'),
('11','111','34'),
('12','12','31'),
('12','112','38'),
('13','13','33'),
('13','113','39'),
('14','14','38'),
('14','114','34'),
('15','15','31'),
('15','115','31'),
('16','16','35'),
('16','116','35'),
('17','17','31'),
('17','117','34'),
('18','18','36'),
('18','118','32'),
('19','19','36'),
('19','119','32'),
('20','20','63'),
('20','120','53'),
('21','21','53'),
('21','121','33'),
('22','22','36'),
('22','122','34'),
('23','23','38'),
('23','123','39'),
('24','24','33'),
('24','124','32'),
('25','25','33'),
('25','125','33'),
('26','26','33'),
('26','126','33'),
('27','27','83'),
('27','127','23'),
('28','28','33'),
('28','128','73'),
('29','29','53'),
('29','129','63'),
('30','30','43'),
('30','130','63'),
('31','31','83'),
('31','131','23'),
('32','32','53'),
('32','132','43'),
('33','33','23'),
('33','133','73'),
('34','34','13'),
('34','134','33'),
('35','35','43'),
('35','135','13'),
('36','36','83'),
('36','136','83'),
('37','37','23'),
('37','137','43'),
('38','38','83'),
('38','138','63'),
('39','39','93'),
('39','139','31'),
('40','40','93'),
('40','140','33'),
('41','41','73'),
('41','141','33'),
('42','42','33'),
('42','142','39'),
('43','43','39'),
('43','143','33'),
('44','44','53'),
('44','144','37'),
('45','45','33'),
('45','145','34'),
('46','46','31'),
('46','146','31'),
('47','47','39'),
('47','147','31'),
('48','48','36'),
('48','148','34'),
('49','49','37'),
('49','149','33'),
('50','50','38'),
('50','150','38'),
('51','51','39'),
('51','151','63'),
('52','52','93'),
('52','152','83'),
('53','53','73'),
('53','153','35'),
('54','54','53'),
('54','154','43'),
('55','55','63'),
('55','155','32'),
('56','56','39'),
('56','156','39'),
('57','57','37'),
('57','157','39'),
('58','58','38'),
('58','158','32'),
('59','59','36'),
('59','159','32'),
('60','60','39'),
('60','160','39'),
('61','61','53'),
('61','161','73'),
('62','62','53'),
('62','162','23'),
('63','63','33'),
('63','163','13'),
('64','64','83'),
('64','164','33'),
('65','65','31'),
('65','165','31'),
('66','66','35'),
('66','166','34'),
('67','67','33'),
('67','167','34'),
('68','68','38'),
('68','168','33'),
('69','69','63'),
('69','169','33'),
('70','70','38'),
('70','170','39'),
('71','71','33'),
('71','171','34'),
('72','72','39'),
('72','172','38'),
('73','73','83'),
('73','173','23'),
('74','74','43'),
('74','174','43'),
('75','75','93'),
('75','175','83'),
('76','76','63'),
('76','176','33'),
('77','77','83'),
('77','177','83'),
('78','78','63'),
('78','178','63'),
('79','79','63'),
('79','179','93'),
('80','80','93'),
('80','180','83'),
('81','81','31'),
('81','181','31'),
('82','82','33'),
('82','182','38'),
('83','83','31'),
('83','183','36'),
('84','84','39'),
('84','184','37'),
('85','85','36'),
('85','185','31'),
('86','86','38'),
('86','186','31'),
('87','87','38'),
('87','187','32'),
('88','88','38'),
('88','188','31'),
('89','89','36'),
('89','189','32'),
('90','90','33'),
('90','190','34'),
('91','91','36'),
('91','191','38'),
('92','92','38'),
('92','192','35'),
('93','93','37'),
('93','193','34'),
('94','94','93'),
('94','194','34'),
('95','95','93'),
('95','195','33'),
('96','96','38'),
('96','196','43'),
('97','97','33'),
('97','197','93'),
('98','98','32'),
('98','198','33'),
('99','99','31'),
('99','199','33'),
('100','100','36'),
('100','200','36');


DROP TABLE IF EXISTS `sellers`;
CREATE TABLE `sellers` (
  `id` bigint(20) unsigned NOT NULL AUTO_INCREMENT,
  `firstname` varchar(50) COLLATE utf8_unicode_ci NOT NULL,
  `lastname` varchar(50) COLLATE utf8_unicode_ci NOT NULL,
  `date_employment` datetime DEFAULT current_timestamp(),
  PRIMARY KEY (`id`),
  KEY `name_idx` (`firstname`,`lastname`)
) ENGINE=InnoDB AUTO_INCREMENT=11 DEFAULT CHARSET=utf8 COLLATE=utf8_unicode_ci;

INSERT INTO `sellers` VALUES ('1','Briana','D\'Amore','1972-02-29 04:24:24'),
('2','Gay','Cruickshank','2015-09-17 04:57:16'),
('3','Nash','Von','2002-07-05 23:29:15'),
('4','Mae','Ziemann','2001-11-22 00:42:15'),
('5','Jerome','Schaden','2002-06-05 15:32:29'),
('6','Sid','Kuhn','1981-01-03 22:42:30'),
('7','Brendon','Krajcik','2013-12-29 23:47:52'),
('8','Kendrick','Herzog','1993-12-13 06:21:09'),
('9','Tommie','Durgan','1977-10-12 11:14:21'),
('10','Nick','Osinski','2017-09-02 00:51:57');


DROP TABLE IF EXISTS `customers`;
CREATE TABLE `customers` (
  `id` bigint(20) unsigned NOT NULL AUTO_INCREMENT,
  `firstname` varchar(50) COLLATE utf8_unicode_ci NOT NULL,
  `lastname` varchar(50) COLLATE utf8_unicode_ci NOT NULL,
  `email` varchar(50) COLLATE utf8_unicode_ci NOT NULL,
  `phone` bigint(20) NOT NULL,
  `address` varchar(50) COLLATE utf8_unicode_ci NOT NULL,
  `date_registration` datetime DEFAULT current_timestamp(),
  PRIMARY KEY (`id`),
  UNIQUE KEY `email` (`email`),
  KEY `name_idx` (`firstname`,`lastname`)
) ENGINE=InnoDB AUTO_INCREMENT=201 DEFAULT CHARSET=utf8 COLLATE=utf8_unicode_ci;

INSERT INTO `customers` VALUES ('1','Gustave','Jakubowski','kira43@example.net','12','86834 Goldner Extension Apt. 915\nLake Antoninabury','1979-02-27 21:21:07'),
('2','Lura','Ritchie','reilly.dayne@example.com','100','63581 Schaefer Square Apt. 342\nSouth Virginiaberg,','1989-03-01 16:43:53'),
('3','Carmela','Mohr','gibson.priscilla@example.com','28237','6067 Bashirian Parkway\nNadiafurt, KS 80529','1990-02-17 11:14:45'),
('4','Isidro','Fritsch','murphy.giuseppe@example.com','960247','6255 Estell Motorway\nZboncakland, FL 58785','1998-07-01 06:23:13'),
('5','Jackie','Krajcik','schulist.ryleigh@example.com','0','257 Lulu Forest\nVantown, IL 24239','2004-01-06 15:24:32'),
('6','Flavie','VonRueden','gregg.kuphal@example.com','1','7872 Marcus Rue\nElisebury, KS 40762-7926','1987-07-12 02:28:19'),
('7','Fay','Cartwright','alf96@example.net','1','593 Lesch Mountain\nMaxwelltown, MD 01654','2002-01-28 15:42:59'),
('8','Elva','Schaden','uvandervort@example.com','1','12229 Alberto Prairie Suite 798\nMedhurstburgh, NV ','1981-09-14 09:07:36'),
('9','Julia','Fahey','rhianna.ruecker@example.net','0','798 Marques Glen\nKundehaven, NM 10716','2015-08-11 01:18:27'),
('10','Dagmar','Lowe','luisa.hand@example.com','1','567 Dallin Manor Apt. 236\nMarianborough, MO 24892','2017-10-03 22:51:37'),
('11','Collin','Marks','mitchell.kylie@example.org','0','4541 Fahey Valley\nEast Pamela, WA 80638','1976-06-28 05:34:45'),
('12','Delphine','Wiza','joseph18@example.com','0','5730 Kozey Vista Suite 566\nWest Frederikville, VT ','1984-09-27 17:58:18'),
('13','Raphaelle','Krajcik','hackett.jammie@example.org','0','06551 Arturo Glen Apt. 606\nPabloton, RI 80804','1997-07-23 08:17:32'),
('14','Elvie','Grimes','terrell34@example.com','52','91219 Upton Lake Suite 035\nSchummhaven, MN 17860','2002-03-07 02:09:04'),
('15','Eldon','Bernier','rhamill@example.org','0','47528 Rolfson Common Suite 309\nGibsonmouth, CO 523','1991-02-16 10:42:24'),
('16','Alice','Zieme','penelope.kemmer@example.net','1','65788 Kunde Ways Suite 316\nSouth Kallie, OR 90379','1998-08-13 01:25:49'),
('17','Meda','Parisian','susan.lesch@example.net','0','52238 Ardith Park Suite 429\nMaudiemouth, WV 82439','1981-08-02 02:51:06'),
('18','Lauryn','Barton','raegan33@example.org','7129199888','896 Santina Canyon\nNew Anastasia, SC 01728-2714','2017-07-22 22:40:02'),
('19','Roy','Cummerata','swillms@example.org','4599578999','200 Crooks Villages\nBlockmouth, HI 08832','2005-01-08 20:33:57'),
('20','Reggie','Parisian','alanna56@example.org','78','2635 Dave Bypass Apt. 077\nVioletteview, ID 53268','1989-05-20 15:52:41'),
('21','Mona','Balistreri','bernhard.reagan@example.com','777334','7349 Calista Turnpike\nAlfordfort, ID 05779-1516','1981-11-25 02:09:26'),
('22','Elissa','Runolfsson','mervin.greenfelder@example.com','2801190584','231 Malinda Manor\nSouth Gailberg, LA 94187-3714','1995-04-05 21:47:44'),
('23','Makayla','Keeling','rosa13@example.com','1','27692 Schiller Roads\nPollichshire, RI 32754','1970-04-06 08:21:00'),
('24','Arlene','Blanda','bella44@example.net','365603','286 Ford Cape\nEast Deborah, WI 23386','2002-04-13 00:53:36'),
('25','Marlin','Brown','cummings.theron@example.com','289253','15332 Brakus Light Suite 127\nLydahaven, IN 44943-0','2019-08-02 22:02:29'),
('26','Lindsay','Friesen','yessenia.frami@example.com','321825','29737 Coralie Mountain\nMetzfort, GA 68884-0479','1970-02-21 19:12:50'),
('27','Santos','Boyer','sporer.isabelle@example.org','806','750 Augustus Turnpike\nPort Maggie, NH 05084','2010-07-13 20:22:58'),
('28','Owen','Gottlieb','hhodkiewicz@example.net','0','9660 Travon Park\nNorth Tyson, CT 88229-4667','1987-04-19 22:14:09'),
('29','Trey','Mayer','pwaelchi@example.net','1','701 Eveline Throughway\nWest Barney, CA 18452-6824','1981-12-31 09:36:37'),
('30','Addison','Cormier','bailey.nickolas@example.net','0','53224 Graham Pike Apt. 869\nWest Jaiden, SC 88589-4','1987-10-22 06:32:40'),
('31','Marco','Zulauf','angela54@example.net','327','394 Kennedi Club\nWolfffort, FL 48637','1978-07-16 00:45:20'),
('32','Bridget','Kris','qabernathy@example.com','1','82462 Dan Falls Apt. 600\nBernadettemouth, ME 17316','2012-06-28 21:42:11'),
('33','Claudia','Schowalter','breanne39@example.org','845','5237 Swift Coves\nNorth Velmaville, AK 93329-0511','1974-12-21 06:55:51'),
('34','Alek','Jacobi','henriette77@example.com','9300018971','891 Gutkowski Forge\nGoyettebury, DE 95247-4864','1982-11-20 05:39:27'),
('35','Garret','Mraz','mtorp@example.net','1','8253 Bosco Views\nNew Reginald, NM 48395-2371','1999-10-23 13:44:34'),
('36','Mathew','Parker','ashanahan@example.net','962843','844 Esther Burgs Apt. 441\nNew Waylonhaven, WY 6027','1973-07-15 11:51:15'),
('37','Nayeli','O\'Conner','fzemlak@example.com','1','82014 Macie Crossroad Suite 559\nEast Lessie, NY 30','1987-02-08 09:46:49'),
('38','Micaela','Wilderman','jacinto.schoen@example.net','628065','973 Karine Vista\nElisabethshire, MN 88589','2005-09-17 21:04:45'),
('39','Maxime','Spinka','abdul.lang@example.com','64','872 Kelvin Haven Apt. 355\nSouth Marlenville, MS 64','2015-05-14 02:39:33'),
('40','Rubie','Fritsch','adubuque@example.org','1','48953 Esther Walk\nLake Nicolasstad, UT 10201','2006-09-26 22:07:20'),
('41','Fabian','Terry','veronica.gulgowski@example.com','0','664 Hammes Spring Suite 411\nDarestad, MD 40389','2014-09-01 18:28:35'),
('42','Johann','Turcotte','gd\'amore@example.com','868871','08771 Catalina Isle\nMrazchester, AZ 48319','2020-02-09 03:39:49'),
('43','Rosalyn','Wyman','powlowski.elinor@example.org','264441','90660 Anastacio Centers Apt. 836\nSouth Cassidy, KY','1979-02-22 08:50:52'),
('44','Stephany','Kuvalis','fjohnston@example.net','591147','520 Tremblay Islands\nSouth Anya, NE 40371','1976-08-26 20:09:45'),
('45','Gertrude','Heidenreich','tania88@example.net','369699','12980 Scottie Vista\nNew Marlene, AL 85360','1991-11-10 15:21:26'),
('46','Alexys','Aufderhar','winnifred76@example.org','0','1837 Vivian Underpass\nNew Columbus, IA 52678','1985-03-30 19:10:32'),
('47','Leola','McGlynn','domenica.brown@example.net','1','08213 Murphy Drive\nEast Yadiramouth, NY 74478','1978-03-22 11:03:16'),
('48','Lucile','O\'Kon','tromp.kasandra@example.com','200323','0037 Ima Light\nLake Rocio, NV 20213','2016-12-12 15:33:17'),
('49','Savannah','Luettgen','uhills@example.org','1','0335 Unique Burgs Apt. 078\nGutkowskitown, ID 40632','1999-07-05 02:10:22'),
('50','Georgette','Hansen','violette91@example.org','916939','34176 Ansley Street Suite 575\nRockystad, CA 49178','1983-10-16 14:40:32'),
('51','Kyler','Russel','wallace59@example.com','24','212 Myrtle Ports Suite 978\nPort Cierraton, AL 1312','2009-05-01 10:09:30'),
('52','Raegan','Strosin','chandler.watsica@example.com','0','86814 Duane Land\nJoaniemouth, WA 53163-1631','1973-06-19 10:12:17'),
('53','Daija','Stiedemann','smitham.carson@example.org','56','4523 Jakubowski Spur Apt. 851\nNonastad, LA 15925-4','1974-09-20 13:36:31'),
('54','Lottie','Pfannerstill','littel.jailyn@example.net','408','91361 Ilene Unions\nEmmanuelleton, LA 90460','1994-04-09 13:03:52'),
('55','Evie','Bashirian','monique.cormier@example.com','82','851 Ratke Forest\nGreenholttown, MN 16437','2018-05-19 12:22:46'),
('56','Naomi','Berge','keely.stracke@example.org','450','735 Raynor Spring Suite 747\nDorcasstad, DE 31136-5','1989-10-15 03:02:04'),
('57','Daniella','Schroeder','jennyfer.parisian@example.org','423373','4823 Feeney Valleys Apt. 926\nSouth Armaniville, NV','2017-08-11 17:42:14'),
('58','Cesar','Ratke','erdman.ernie@example.net','5364443981','04847 Brekke Extensions\nNorth Samirville, SC 50647','2020-02-02 11:26:30'),
('59','Emmet','Smitham','avery.collier@example.com','160','047 Wilford Pass Suite 937\nNew Moises, UT 35962','1995-01-04 14:46:51'),
('60','Tristin','Weissnat','liam88@example.net','0','1616 Auer Extension Apt. 745\nEast Roman, NV 05035','1989-08-21 08:22:40'),
('61','Rodolfo','Cole','edgardo.turcotte@example.com','1','4077 Monahan Expressway Suite 602\nNorth Delphinebo','2004-12-07 16:46:04'),
('62','Patience','Hamill','myrtice.robel@example.org','701748','0230 Genevieve Plain\nGladysmouth, NJ 33153-9514','2007-10-26 13:38:33'),
('63','Lorena','Gibson','cara38@example.com','0','727 Lloyd Shoal Apt. 939\nAbbeychester, KS 34683-92','1974-03-27 07:58:13'),
('64','Ona','West','jgreenholt@example.org','954902','84351 Reichert Park\nCarmelaland, MD 98132','2008-05-15 13:05:41'),
('65','Faye','Wyman','herman.waylon@example.net','375','33985 Ritchie Roads\nYostview, MO 46912-6583','1983-04-23 04:41:04'),
('66','Sasha','Wyman','mcdermott.guiseppe@example.net','185949','59258 Auer Stream Apt. 646\nSantaburgh, HI 64366-58','1984-08-30 04:30:13'),
('67','Cristian','Ankunding','volkman.hiram@example.net','96386','723 Nicolas Stream\nWest Al, TN 79897','1982-11-23 00:24:16'),
('68','Ivy','Gaylord','jasen.ernser@example.net','635437','229 Marielle Parkways\nEast Elaina, PA 54388','1992-01-25 22:50:05'),
('69','Lorine','Schoen','pbraun@example.com','0','6806 Ivory Street\nMarcelletown, NV 51695','1990-12-21 09:52:15'),
('70','Isidro','Emard','weissnat.tierra@example.com','97','512 Kohler Orchard\nErdmanburgh, TX 96170-1464','2012-02-11 11:18:30'),
('71','Vivien','Senger','hagenes.erin@example.com','467961','15663 Evie Heights Apt. 187\nClevelandmouth, ID 704','2009-06-15 12:28:41'),
('72','Irving','O\'Hara','dillon.stanton@example.org','1','37866 Gerhold Mall Apt. 217\nNovaland, CA 52858','2004-12-17 11:17:16'),
('73','Natasha','Berge','pmohr@example.com','0','0741 Cierra Islands\nKerlukebury, RI 60647','2001-01-19 19:48:47'),
('74','Kim','Lockman','mateo.wiegand@example.net','0','805 Noel Inlet\nEast Gust, UT 39332-7010','1999-05-30 09:45:34'),
('75','Alvera','Greenholt','xjacobs@example.com','1','98644 Hegmann Fork Apt. 012\nEast Dorotheahaven, WV','1986-05-06 10:09:11'),
('76','Aurelio','Lesch','meda.hansen@example.com','971858','284 Stehr Plains\nNorth Kaciburgh, ID 44009-7130','1992-05-09 04:05:21'),
('77','Delta','Gulgowski','cathryn94@example.org','421','19956 Jules Drive\nLake Edwina, UT 99182-4705','2010-03-05 04:16:04'),
('78','Davin','Hagenes','miracle83@example.net','650','186 Mann Turnpike\nKattiechester, WA 29629','1987-09-02 05:41:37'),
('79','Izabella','Moore','rherman@example.org','486','039 Swift Gateway\nKendrickport, VT 99330','2015-07-09 03:56:13'),
('80','Deondre','Hane','lockman.devon@example.org','1','118 Al Loop Apt. 764\nEast Selinafurt, ME 42437-546','1974-10-20 01:45:38'),
('81','Neil','Kohler','myrtle.corwin@example.org','1','4388 O\'Hara Junctions Apt. 837\nSchinnerstad, AK 00','2005-12-29 09:13:29'),
('82','Margarett','Marks','kamryn.pouros@example.com','1','94369 Elva Stravenue\nSouth Eugenialand, MT 55377','1978-07-11 13:02:45'),
('83','Bianka','Collins','gudrun62@example.com','0','4061 Mozell Hills Suite 980\nWest Leliastad, OH 489','1989-03-23 00:03:33'),
('84','Emma','Kub','rosanna.schmitt@example.net','0','9230 Bosco Heights Suite 063\nFarrellburgh, VT 2165','1973-12-26 15:41:34'),
('85','Serena','Schmidt','considine.violet@example.net','912160','11202 Considine Manors\nGorczanymouth, OK 74099','1978-01-14 19:51:12'),
('86','Kara','Raynor','benjamin96@example.org','613','14365 Humberto Island\nNew Delbertmouth, NJ 79616','1984-05-04 14:05:07'),
('87','Claire','Mills','harber.rebeka@example.org','1','7575 Susan Road Suite 963\nOlenfurt, DE 77034-8629','1998-07-01 02:20:04'),
('88','Elias','Schaefer','reid.keebler@example.com','753','744 Lilian Square\nPort Heatherfort, VA 96214-7483','1998-06-16 21:37:13'),
('89','Madyson','Kessler','andre.stanton@example.net','682','626 Bette Field Apt. 753\nPort Alvisshire, KS 52073','1986-11-22 08:38:37'),
('90','Florencio','Bergstrom','tdaugherty@example.net','143','8161 Freddy Pass\nKunzeshire, WY 08741','1990-04-13 22:36:22'),
('91','Ansley','Gleason','janiya57@example.net','1','2069 Hayden Fords\nDoylehaven, NJ 74136-3656','2014-11-01 04:08:30'),
('92','Alec','Simonis','wilburn.greenholt@example.net','793','84011 Dedrick Trace\nRennershire, MN 97392','2007-05-22 06:47:23'),
('93','Marques','Stamm','larson.shirley@example.org','8881729463','615 Hand Spring\nSouth Constance, IA 21649','2010-01-16 18:33:48'),
('94','Patricia','Toy','yjaskolski@example.com','565927','160 Jerde Islands\nFaustinobury, OK 57222','1987-11-28 05:39:32'),
('95','Javon','Lemke','harmony82@example.org','1','47674 Schoen Mountain\nNew Burdette, FL 24391','2013-08-27 13:25:45'),
('96','Joanie','Wuckert','thaddeus50@example.org','1','801 Halvorson Squares Apt. 405\nWaelchiland, MA 408','1991-03-26 18:28:30'),
('97','Logan','Stroman','qgrant@example.com','0','11946 Hermann Avenue\nNorth Willside, MT 66712','2018-05-14 15:21:46'),
('98','Roberto','Predovic','kory.kertzmann@example.org','1','241 Miller Garden\nNorth Claudia, CT 74028-0932','1980-12-20 09:33:51'),
('99','Syble','Pfeffer','wilderman.dion@example.net','0','0050 D\'Amore Cove\nPort Maybell, CA 19809-3649','2002-05-14 15:32:51'),
('100','Lyda','Wyman','ckovacek@example.org','1','1280 Beatty Road\nAlexmouth, NH 09829','1987-09-11 13:15:17'),
('101','Henderson','Adams','jairo23@example.net','87','53465 Deion Bypass Apt. 941\nSchmittberg, AK 96778','1990-01-16 15:28:44'),
('102','Dave','Crist','lucienne.cremin@example.net','0','4074 Laurianne Landing Suite 269\nFunkshire, UT 321','2002-03-17 16:10:28'),
('103','Oda','Stracke','amie.johns@example.com','300957','18189 Berge Unions Suite 976\nLemkefort, KY 12630-1','2004-08-31 06:48:35'),
('104','Jazmin','Schulist','nicolas.joseph@example.com','0','80626 Fisher Street\nNorth Providencichester, HI 89','1998-12-25 00:51:26'),
('105','Jerald','Kuvalis','smith.skylar@example.org','0','7897 Waelchi Cliffs Suite 706\nAylinside, NE 89296','2013-02-06 11:08:47'),
('106','Meredith','Osinski','crist.hanna@example.com','1','841 Funk Fields\nSouth Rod, UT 88768-0843','1978-09-23 01:05:18'),
('107','Ignatius','Schaefer','kshlerin.jo@example.com','896561','464 Sigmund Row Apt. 628\nPort Rylan, ID 17028-7592','2018-03-16 21:31:39'),
('108','Hilma','Schuster','amara.christiansen@example.org','87','76175 Ozella Lake Apt. 926\nEast Muhammad, UT 62831','1974-08-04 02:18:12'),
('109','Trudie','Williamson','fermin21@example.org','4530','59399 Connelly Stravenue Apt. 491\nCassintown, SD 6','2000-11-13 06:31:49'),
('110','Anahi','Veum','dina84@example.net','63','9615 Kreiger Turnpike\nEast Elvera, ID 40552','1979-03-10 23:56:19'),
('111','Jordon','Beatty','rachel11@example.com','242388','082 Maymie Green Apt. 005\nJosefinahaven, NE 36588-','2018-05-07 21:49:47'),
('112','Roosevelt','McGlynn','ebalistreri@example.com','214427','753 Daugherty Flat\nEast Dessie, OH 99536','1974-11-14 11:04:47'),
('113','Erick','Dibbert','lillie94@example.org','2593180566','37481 Ubaldo Branch Suite 566\nNew Clementinebury, ','2019-08-06 22:37:12'),
('114','Norwood','Abshire','aliya.smith@example.com','575624','35219 Adaline Bypass\nErikahaven, WY 11409','2014-06-03 09:06:50'),
('115','Ardith','Gerhold','jbailey@example.net','0','8493 Zieme Hill Apt. 549\nHoppeport, AR 53141','2006-06-04 13:28:58'),
('116','Hellen','Hauck','xzavier.wisoky@example.com','1','815 Lempi Pines\nFramiview, NE 27514','1990-04-14 15:44:57'),
('117','Tessie','Hansen','osinski.chesley@example.com','0','6786 Stokes Cape\nEast Hilarioville, IA 22114','1978-08-03 22:43:33'),
('118','Kaylin','Goyette','zwaters@example.net','649588','700 Paucek Orchard\nScottieborough, AZ 17850-6371','2000-04-05 08:39:57'),
('119','Guiseppe','Bartoletti','frankie18@example.org','901','499 Hansen Isle Apt. 162\nAntwontown, IN 74157-7112','1988-06-18 15:14:26'),
('120','Lexi','Gleason','griffin.stehr@example.com','1','5650 Ole Fort Apt. 860\nKreigerchester, MT 11447','1997-10-16 05:50:48'),
('121','Timmothy','Hartmann','denis20@example.net','341802','73860 Opal Overpass\nSouth Julietchester, HI 77100','1988-09-08 03:31:28'),
('122','Jeanne','Johns','bins.friedrich@example.net','43','64743 Janie Center\nEast Alessia, SD 52401-9507','2004-12-31 16:28:42'),
('123','Aylin','Wehner','zebert@example.org','2506672149','598 Bruen Light Suite 482\nCristalton, NE 22124-824','2012-04-16 20:08:08'),
('124','Gerald','Lesch','ethyl21@example.net','746722','83253 Bosco Bypass Suite 154\nGenesisshire, AL 4051','2002-01-13 05:06:08'),
('125','Rico','Thompson','elwyn.sanford@example.net','571','76578 Beau Centers\nRunolfsdottirmouth, TN 06069-41','1973-12-28 17:34:34'),
('126','Sofia','Price','cassin.elsie@example.org','0','4365 Yundt Knolls Suite 046\nKristinchester, NE 118','2009-02-28 22:24:27'),
('127','Annetta','Reichel','ymosciski@example.org','0','928 Georgiana Isle\nDenesikhaven, VT 23844-0637','1990-04-19 03:23:45'),
('128','Blair','Kuhic','precious20@example.com','437','5838 Hackett Trail Apt. 908\nNew Lynn, TX 50862-128','1978-12-22 03:16:52'),
('129','Leslie','Ondricka','kunde.cristobal@example.com','8','0488 Maryse Mews Suite 408\nWest Kayley, ID 65565-5','1978-05-02 12:43:53'),
('130','Gunner','Kulas','maybelle32@example.org','808089','926 Vivienne Drives\nPort Mittiemouth, TN 80429-313','2016-10-25 04:11:12'),
('131','Rowan','Gusikowski','hauck.jimmy@example.com','1','62136 Anderson Fork Suite 621\nHeathcoteborough, AL','2005-09-28 12:27:38'),
('132','Diamond','Emmerich','savannah.nitzsche@example.com','0','64216 Clint Greens\nAlessialand, TN 90023','2002-09-04 19:34:46'),
('133','Teagan','Stracke','jenkins.jessy@example.org','816759','888 Rohan Shores Suite 278\nKendrickbury, FL 78019','2001-06-03 16:05:35'),
('134','Amiya','Purdy','zbechtelar@example.com','3647507402','65355 Zetta Well Apt. 139\nEllsworthland, AL 62873','2002-07-01 02:25:41'),
('135','Charlene','Anderson','fritsch.alyson@example.net','829562','056 Skylar Locks\nEast Eulaport, OH 67557','2012-02-25 18:12:07'),
('136','Dorcas','Wisozk','ifritsch@example.com','134','691 Davin Street Suite 305\nPort Shyannton, OK 6713','1994-06-01 18:47:08'),
('137','Alexandria','Bartell','lwiza@example.com','32','644 Simone Ville\nLake Eulalia, FL 77665','1984-10-21 00:12:52'),
('138','Minnie','Bradtke','kcarter@example.net','216982','50564 Holden Lights\nBednarbury, KS 11043-8197','1982-10-06 13:16:23'),
('139','Marietta','O\'Conner','elfrieda26@example.org','0','94406 Kattie Prairie Suite 437\nCotychester, NJ 164','1979-11-26 23:25:51'),
('140','Raphaelle','Boehm','zulauf.verlie@example.net','916460','633 Waldo Place\nPort Jenningsfurt, MO 44523-9267','2018-03-02 20:25:49'),
('141','Robb','Balistreri','jarmstrong@example.com','60','1466 Ellis Walks\nLakinmouth, PA 79136-8808','2009-08-26 00:22:06'),
('142','Jefferey','Swaniawski','leffler.aniyah@example.com','604328','35360 Clement Lakes\nWest Sharonmouth, GA 19593','2016-04-04 06:26:17'),
('143','Frederique','Bednar','auer.porter@example.org','1','977 Reina Pass Apt. 624\nNew Jacinthe, AL 44448','2015-07-29 22:14:34'),
('144','Eula','Johnson','erich93@example.org','1','7185 Gleason Street\nRettamouth, NH 20130','1972-06-13 06:42:41'),
('145','Lenna','Rippin','harris.harvey@example.com','804061','39592 Kailee Lakes\nFredaborough, IA 02256','1995-05-06 14:23:40'),
('146','Lisa','Yundt','kuhlman.kaitlin@example.net','87','032 Medhurst Islands Suite 115\nLake Maurine, NH 22','1993-11-21 02:41:13'),
('147','Eldon','Leannon','buckridge.dolores@example.net','30','95934 Arden Falls Suite 378\nLake Laisha, SC 01975','1999-05-21 09:01:02'),
('148','Ferne','Mertz','lonzo.rosenbaum@example.org','0','68420 Kailyn Highway Apt. 274\nNew Rosalind, WA 046','1981-09-16 17:19:19'),
('149','Kamryn','Mann','osinski.franco@example.net','0','128 Tom Views Suite 142\nJohanburgh, NH 77764-0880','1994-05-14 07:58:42'),
('150','Sid','Jacobson','mtrantow@example.com','883791','7635 Nienow Hills\nPort Monicaview, MO 37266','2012-07-19 11:53:12'),
('151','Shannon','Swift','thiel.leslie@example.org','975','90815 Kihn Garden Apt. 624\nLake Daveview, CT 04798','2020-03-03 21:14:52'),
('152','Ally','Hilpert','yzulauf@example.org','688329','1543 Altenwerth Pass\nJaskolskiborough, VT 09113','1986-09-26 04:32:30'),
('153','Dax','Vandervort','shaun.west@example.net','0','631 Collins Trail\nLake Garland, MN 24688-6673','2000-06-23 00:51:14'),
('154','Lou','DuBuque','brakus.elda@example.com','55','6918 Jess Crossroad\nSouth Amiyaport, NC 08092','1973-07-03 07:00:02'),
('155','Kathryn','Kutch','edwin34@example.net','23','545 Tobin Heights Suite 514\nMyriamview, SD 50627','2018-01-16 15:04:54'),
('156','Maya','Sanford','ferry.chandler@example.com','45','323 Clyde Spurs Apt. 756\nPort Enrico, MA 49526-137','1987-04-05 10:42:56'),
('157','Brenda','Schuster','samantha51@example.com','1','5372 Terry Rapids Apt. 302\nSouth Chaim, NV 47241','2018-05-17 01:55:10'),
('158','Talon','Braun','carson67@example.net','0','17452 Mollie Underpass Apt. 877\nOndrickaton, DE 24','1973-05-22 03:49:25'),
('159','Edythe','Hoppe','bkozey@example.com','975','4674 Dickinson Turnpike\nHayesside, WA 76884','1975-02-23 21:56:14'),
('160','Collin','Renner','jhuel@example.org','1','59555 Mark Falls\nPort Mekhitown, NJ 67881-0672','1997-12-23 00:26:40'),
('161','Chandler','Schamberger','murphy.linda@example.net','0','8012 Guadalupe Corners\nEast Charliestad, ID 62399-','1996-07-10 02:18:51'),
('162','Lacy','Braun','mccullough.annie@example.org','0','31432 Chaya Trafficway Apt. 966\nPacochaborough, GA','2000-08-31 12:55:55'),
('163','Allan','Daugherty','malcolm.mayert@example.com','1','6826 Farrell Wells Apt. 069\nWest Thoraburgh, KY 97','1999-02-11 21:57:02'),
('164','Myrtice','O\'Conner','zlueilwitz@example.com','880212','8092 Tyrique Meadows\nVonberg, VA 67206-2034','1995-11-19 09:31:45'),
('165','Raoul','Wisoky','zion.cremin@example.net','3764050102','523 Salma Plains\nLacymouth, ME 77640-0532','1987-10-03 05:32:45'),
('166','Rudy','Marks','treutel.alize@example.org','1','7580 Marianne Neck Suite 470\nLake Melvinabury, WA ','2007-02-01 01:08:09'),
('167','Keenan','Schimmel','joana.gerhold@example.net','16','51178 Connelly Forge\nNew Kaliburgh, WA 19580','1979-06-14 17:42:47'),
('168','America','Wisozk','eli14@example.com','482497','98293 Funk Garden Apt. 922\nStanmouth, TN 04473','1974-07-04 04:18:54'),
('169','Gisselle','Barton','zboncak.tanya@example.net','1','01622 Eden Overpass Apt. 932\nWest Candidoberg, AK ','1973-12-14 17:13:20'),
('170','Kaycee','Russel','donnie.walsh@example.org','718','947 Watsica Crest Suite 554\nSouth Celestineberg, R','2002-12-18 06:24:12'),
('171','Gaetano','D\'Amore','zrogahn@example.net','782','30893 Sibyl Parks\nNew Piperport, MT 57602-9538','1983-07-13 14:01:10'),
('172','Lexi','West','forrest48@example.org','1','49217 Rowe Stream Suite 575\nWest Jeremieberg, IN 3','1985-11-03 10:51:21'),
('173','Americo','Larson','dd\'amore@example.org','0','8485 Stanford Canyon\nGarlandburgh, OK 06847-2724','1992-07-04 00:23:30'),
('174','Hal','Hirthe','lilly.turcotte@example.com','786','3983 Ledner Unions\nEast Timmyberg, NV 70365-4230','2008-07-27 14:07:11'),
('175','Alessandro','Carroll','wiegand.justine@example.org','729','249 Hessel Springs\nDavonteberg, ME 18153-4746','2000-08-26 03:48:57'),
('176','Flo','Turner','fmarquardt@example.org','0','414 Bernhard Villages Apt. 519\nNorth Aurore, NE 29','1987-01-22 15:21:00'),
('177','Toni','Maggio','kreiger.jayden@example.org','518','0021 Dana Neck Apt. 517\nNorth Arlieberg, MT 38364-','1987-10-26 10:58:21'),
('178','Fredrick','Lakin','geraldine05@example.net','8565422798','83583 Taya Lane\nPourosborough, FL 39594-1802','2013-02-22 21:40:56'),
('179','Aliza','Bernhard','thea66@example.net','0','012 Lowell Stream\nPourosland, MN 57712','1996-02-25 12:19:24'),
('180','Emerson','Sporer','kassulke.delpha@example.org','843147','200 Braun Mountains Suite 209\nFrancoberg, NY 57501','2014-01-29 00:27:31'),
('181','Brianne','Schultz','aglae00@example.com','7207510040','0907 Cordie Spurs\nLennietown, OK 73120-7948','2019-02-24 00:58:38'),
('182','Jeramie','Kiehn','mohamed.considine@example.com','537813','51701 Trever Viaduct Apt. 675\nSouth Alice, WA 8428','2011-05-14 15:28:49'),
('183','Ottis','Hauck','reichert.omer@example.net','2144500482','66052 Goyette Curve Suite 886\nFaybury, WY 62499-77','1991-11-30 20:34:34'),
('184','Haleigh','Botsford','jonas59@example.com','670891','916 Kihn Pike\nBuckridgeport, MO 92237-9649','1991-12-26 18:21:03'),
('185','Adeline','Jast','garett.simonis@example.net','696','907 Marks Flats\nKatelynnview, RI 05187','1992-03-19 02:00:56'),
('186','Gianni','Swift','francisca81@example.com','1','8663 Douglas Fort\nRosaliamouth, NY 66399','1985-12-26 03:36:47'),
('187','Marcelo','Conn','ebony46@example.net','235','724 Miller Fords Suite 203\nIrvington, FL 63415','2018-11-04 23:52:46'),
('188','Juliet','Gibson','zita.maggio@example.com','658822','88865 Chloe Club\nSchadenview, OR 09143-3489','1972-07-09 13:45:21'),
('189','Carmelo','Kunze','sydnie10@example.org','412941','824 Deron Manor\nEast Gerson, ID 83062-8453','1979-11-06 09:19:46'),
('190','Reanna','DuBuque','johnston.wilber@example.org','215','13013 Kutch Ridges\nLake Frankville, CT 84267','1993-04-23 04:28:04'),
('191','Isai','Jacobs','theodora17@example.org','1','83206 Ulices Brook\nWest Alessandroburgh, PA 42536','1993-03-06 10:35:04'),
('192','Maegan','Koelpin','lehner.charlie@example.com','1','3996 Daniella Parkways Apt. 838\nNew Myrtie, AL 234','2012-01-30 22:43:28'),
('193','Adell','Wiegand','brody73@example.com','112','84586 Idell Port Apt. 777\nLake Friedafort, NV 9126','2016-11-21 09:32:11'),
('194','Everette','Lindgren','hthiel@example.com','979318','92328 Herman Hollow\nRomaville, KS 94990-7141','1981-06-06 18:20:26'),
('195','Kira','Heaney','herzog.savannah@example.com','0','087 McLaughlin Shores\nLake Merlin, OK 36562-5228','2011-08-31 05:15:08'),
('196','Nichole','Beatty','makenzie46@example.com','0','447 Cruickshank Shore Apt. 178\nSouth Freddiemouth,','1984-03-19 21:29:37'),
('197','Teagan','Schuster','norbert.bruen@example.org','0','2902 Collins Bridge Apt. 438\nSouth Nikolas, SD 368','2000-11-07 22:55:25'),
('198','Mateo','Cummerata','fkuphal@example.org','458900','5179 Roberts Trail Suite 447\nSouth Zoeburgh, LA 91','1986-08-01 18:07:31'),
('199','Gianni','Nolan','wpfannerstill@example.org','263','99370 Monahan Island\nPort Nola, UT 38250','1978-06-04 10:57:01'),
('200','Devonte','Maggio','buckridge.everette@example.org','1','9886 Hickle Overpass Apt. 892\nAdamsfort, MS 68813-','1999-06-12 17:06:58'); 


DROP TABLE IF EXISTS `orders`;
CREATE TABLE `orders` (
  `id` bigint(20) unsigned NOT NULL AUTO_INCREMENT,
  `seller_id` bigint(20) unsigned NOT NULL,
  `customer_id` bigint(20) unsigned NOT NULL,
  `date_order` datetime DEFAULT current_timestamp(),
  PRIMARY KEY (`id`),
  KEY `seller_idx` (`seller_id`),
  KEY `customer_idx` (`customer_id`),
  CONSTRAINT `orders_ibfk_1` FOREIGN KEY (`seller_id`) REFERENCES `sellers` (`id`),
  CONSTRAINT `orders_ibfk_2` FOREIGN KEY (`customer_id`) REFERENCES `customers` (`id`)
) ENGINE=InnoDB AUTO_INCREMENT=301 DEFAULT CHARSET=utf8 COLLATE=utf8_unicode_ci;

INSERT INTO `orders` VALUES ('1','1','1','1983-07-09 04:13:02'),
('2','2','2','1998-12-24 09:44:41'),
('3','3','3','1991-10-12 18:58:23'),
('4','4','4','1992-02-09 16:55:39'),
('5','5','5','2004-06-24 11:10:36'),
('6','6','6','2005-05-28 09:49:51'),
('7','7','7','1992-02-25 05:22:11'),
('8','8','8','2019-10-12 06:47:25'),
('9','9','9','1993-08-20 15:12:44'),
('10','10','10','2012-11-05 11:13:49'),
('11','1','11','1992-10-27 10:03:52'),
('12','2','12','1978-09-30 06:54:48'),
('13','3','13','1998-07-22 14:29:08'),
('14','4','14','1982-07-20 18:43:46'),
('15','5','15','2015-02-26 00:20:17'),
('16','6','16','1987-04-12 16:01:44'),
('17','7','17','1984-05-21 15:05:27'),
('18','8','18','1994-06-10 12:09:06'),
('19','9','19','1971-01-20 03:41:40'),
('20','10','20','2019-02-13 03:44:25'),
('21','1','21','1982-08-13 07:32:53'),
('22','2','22','1997-03-15 02:17:41'),
('23','3','23','1979-01-18 19:59:22'),
('24','4','24','1996-03-29 07:48:03'),
('25','5','25','1975-04-24 19:35:40'),
('26','6','26','1993-03-19 15:12:07'),
('27','7','27','2004-05-07 23:35:58'),
('28','8','28','1985-04-10 04:58:35'),
('29','9','29','2007-12-28 13:46:54'),
('30','10','30','2005-05-24 05:58:41'),
('31','1','31','2011-04-26 05:04:26'),
('32','2','32','1979-10-03 16:05:59'),
('33','3','33','2010-01-17 08:22:49'),
('34','4','34','1985-04-30 04:26:03'),
('35','5','35','1980-11-20 01:18:34'),
('36','6','36','1988-06-20 16:10:23'),
('37','7','37','1983-02-02 16:16:39'),
('38','8','38','1970-03-15 07:32:52'),
('39','9','39','1985-12-10 04:55:46'),
('40','10','40','1973-11-26 06:26:47'),
('41','1','41','1994-05-01 07:28:07'),
('42','2','42','2012-12-20 23:46:03'),
('43','3','43','1999-02-06 01:54:37'),
('44','4','44','1994-10-15 22:42:22'),
('45','5','45','1996-02-01 21:54:36'),
('46','6','46','1996-07-25 10:06:54'),
('47','7','47','2006-09-09 01:15:03'),
('48','8','48','2003-09-04 09:41:02'),
('49','9','49','1983-01-13 06:11:40'),
('50','10','50','2010-01-11 11:08:26'),
('51','1','51','1998-01-21 21:45:31'),
('52','2','52','2016-12-11 18:18:22'),
('53','3','53','2018-12-09 08:32:51'),
('54','4','54','1995-08-13 23:00:43'),
('55','5','55','1992-09-19 11:09:43'),
('56','6','56','2016-04-23 23:58:27'),
('57','7','57','1998-12-25 04:37:04'),
('58','8','58','1980-04-08 15:19:00'),
('59','9','59','1983-02-11 07:14:12'),
('60','10','60','1992-03-19 02:47:30'),
('61','1','61','1992-07-17 16:23:57'),
('62','2','62','2012-07-31 23:15:35'),
('63','3','63','1988-07-16 19:20:28'),
('64','4','64','1994-01-19 23:27:34'),
('65','5','65','2019-10-30 09:23:10'),
('66','6','66','2020-02-19 07:03:39'),
('67','7','67','1986-03-09 15:51:18'),
('68','8','68','1998-10-27 15:07:59'),
('69','9','69','1984-07-11 06:38:54'),
('70','10','70','1985-12-17 00:05:22'),
('71','1','71','1975-12-03 04:17:45'),
('72','2','72','2006-10-13 04:14:32'),
('73','3','73','1980-04-01 01:40:01'),
('74','4','74','1996-01-30 23:08:18'),
('75','5','75','2009-09-15 06:03:48'),
('76','6','76','1987-04-26 17:47:45'),
('77','7','77','1972-11-14 21:18:01'),
('78','8','78','1983-01-20 07:58:33'),
('79','9','79','2011-07-07 03:41:13'),
('80','10','80','2000-03-24 18:54:01'),
('81','1','81','2007-04-03 14:21:29'),
('82','2','82','2009-06-01 02:31:09'),
('83','3','83','2011-07-15 04:26:49'),
('84','4','84','1974-10-02 17:05:22'),
('85','5','85','2000-12-02 14:00:52'),
('86','6','86','1994-09-10 19:46:07'),
('87','7','87','2019-10-09 07:18:49'),
('88','8','88','2011-02-06 05:09:08'),
('89','9','89','2001-09-15 12:05:53'),
('90','10','90','2013-05-09 17:42:09'),
('91','1','91','2016-06-09 21:48:00'),
('92','2','92','2013-12-18 23:23:28'),
('93','3','93','1989-06-23 01:43:47'),
('94','4','94','1985-10-26 03:59:14'),
('95','5','95','2012-06-22 20:13:59'),
('96','6','96','1971-09-12 13:28:47'),
('97','7','97','2017-07-13 11:00:14'),
('98','8','98','1991-10-09 14:41:17'),
('99','9','99','1974-09-19 20:02:05'),
('100','10','100','1974-03-03 11:41:48'),
('101','1','101','2000-02-08 15:16:34'),
('102','2','102','2003-07-10 09:08:25'),
('103','3','103','1978-05-17 03:25:38'),
('104','4','104','1981-09-12 04:32:31'),
('105','5','105','1978-11-28 02:18:34'),
('106','6','106','1979-11-18 16:45:47'),
('107','7','107','1974-06-22 03:57:35'),
('108','8','108','1995-09-17 18:29:44'),
('109','9','109','1997-03-15 04:34:46'),
('110','10','110','1990-11-30 17:24:13'),
('111','1','111','1972-09-04 00:34:17'),
('112','2','112','1987-04-06 01:39:28'),
('113','3','113','2019-05-26 07:05:23'),
('114','4','114','1994-08-03 11:15:02'),
('115','5','115','1998-05-26 21:41:26'),
('116','6','116','1991-05-21 13:23:57'),
('117','7','117','1999-02-10 07:19:28'),
('118','8','118','2002-07-31 17:44:41'),
('119','9','119','2003-04-27 11:41:03'),
('120','10','120','2008-05-31 08:36:26'),
('121','1','121','2007-01-03 13:20:25'),
('122','2','122','1981-05-30 05:09:25'),
('123','3','123','1973-02-19 02:44:05'),
('124','4','124','1979-11-25 20:14:41'),
('125','5','125','2009-09-21 23:42:03'),
('126','6','126','2016-03-19 14:07:34'),
('127','7','127','1992-08-31 14:20:34'),
('128','8','128','2006-05-09 01:55:40'),
('129','9','129','1972-01-14 12:18:56'),
('130','10','130','1978-04-13 03:16:54'),
('131','1','131','1983-08-14 07:54:02'),
('132','2','132','1991-09-25 14:49:23'),
('133','3','133','1975-11-30 11:52:48'),
('134','4','134','2011-07-15 22:42:12'),
('135','5','135','1999-02-18 02:31:09'),
('136','6','136','1998-02-24 21:17:15'),
('137','7','137','1973-03-09 08:11:26'),
('138','8','138','1973-01-01 21:32:23'),
('139','9','139','2006-05-15 04:23:26'),
('140','10','140','1975-08-12 19:21:03'),
('141','1','141','2007-10-20 20:38:06'),
('142','2','142','1972-04-21 21:19:46'),
('143','3','143','2002-08-04 18:00:12'),
('144','4','144','1978-09-13 04:55:11'),
('145','5','145','1993-02-27 00:33:10'),
('146','6','146','1979-01-29 06:18:49'),
('147','7','147','1988-12-04 15:36:58'),
('148','8','148','2012-10-27 19:27:03'),
('149','9','149','1979-02-09 04:20:20'),
('150','10','150','1970-12-07 19:28:27'),
('151','1','151','1980-07-01 04:42:48'),
('152','2','152','1980-06-09 10:52:19'),
('153','3','153','1998-11-12 04:18:39'),
('154','4','154','2006-02-23 13:36:34'),
('155','5','155','1973-04-12 23:29:53'),
('156','6','156','2016-03-10 11:24:51'),
('157','7','157','1984-05-09 07:49:22'),
('158','8','158','1980-09-29 00:40:46'),
('159','9','159','1988-08-27 10:26:33'),
('160','10','160','2019-08-20 08:48:44'),
('161','1','161','1975-08-10 13:51:01'),
('162','2','162','1978-02-21 08:36:11'),
('163','3','163','2002-11-16 11:11:32'),
('164','4','164','1974-09-23 03:58:50'),
('165','5','165','2015-09-28 09:23:38'),
('166','6','166','2007-07-31 12:43:18'),
('167','7','167','2009-06-29 11:25:46'),
('168','8','168','1994-02-01 23:48:29'),
('169','9','169','2013-09-23 05:41:59'),
('170','10','170','1984-03-10 02:53:48'),
('171','1','171','1991-05-12 03:47:14'),
('172','2','172','2005-02-12 09:26:37'),
('173','3','173','2013-03-06 14:17:41'),
('174','4','174','1993-07-31 12:58:35'),
('175','5','175','2010-10-07 10:06:45'),
('176','6','176','2005-05-03 00:12:21'),
('177','7','177','2011-10-03 14:33:54'),
('178','8','178','1972-02-24 09:26:51'),
('179','9','179','1976-01-25 14:27:19'),
('180','10','180','2014-08-30 07:12:24'),
('181','1','181','1996-05-29 07:07:40'),
('182','2','182','1980-03-01 02:54:31'),
('183','3','183','1975-11-02 05:13:36'),
('184','4','184','1997-11-20 06:19:49'),
('185','5','185','2010-08-01 16:18:54'),
('186','6','186','2013-08-18 23:39:35'),
('187','7','187','1978-02-23 02:28:12'),
('188','8','188','1987-09-03 23:18:45'),
('189','9','189','1987-12-25 00:21:26'),
('190','10','190','1978-01-10 01:20:43'),
('191','1','191','1991-08-21 11:44:38'),
('192','2','192','1971-02-24 10:08:24'),
('193','3','193','1974-08-27 14:33:10'),
('194','4','194','1995-04-10 09:02:32'),
('195','5','195','1979-03-09 16:21:30'),
('196','6','196','2009-11-01 20:41:02'),
('197','7','197','2015-05-19 07:37:45'),
('198','8','198','1999-10-08 05:23:30'),
('199','9','199','1971-09-13 06:32:03'),
('200','10','200','1972-11-09 21:43:16'),
('201','1','1','2004-05-06 04:38:22'),
('202','2','2','1990-03-17 01:48:04'),
('203','3','3','2014-04-09 00:42:03'),
('204','4','4','2004-06-03 15:22:15'),
('205','5','5','1989-10-02 01:34:57'),
('206','6','6','1979-12-29 23:43:04'),
('207','7','7','1990-03-05 08:20:24'),
('208','8','8','1996-09-21 13:43:02'),
('209','9','9','1977-07-04 07:18:57'),
('210','10','10','2007-09-02 20:14:42'),
('211','1','11','1982-01-13 12:11:44'),
('212','2','12','1991-05-24 19:48:29'),
('213','3','13','1988-04-27 09:20:42'),
('214','4','14','1989-08-31 19:31:07'),
('215','5','15','1981-08-04 08:51:33'),
('216','6','16','2020-02-04 00:01:42'),
('217','7','17','1979-07-14 01:21:09'),
('218','8','18','2012-06-19 17:31:15'),
('219','9','19','1990-12-15 04:25:52'),
('220','10','20','1979-02-28 18:04:36'),
('221','1','21','1973-04-12 03:37:07'),
('222','2','22','1971-01-05 18:25:49'),
('223','3','23','2000-02-25 13:28:53'),
('224','4','24','1985-12-25 00:46:07'),
('225','5','25','1986-07-26 12:19:02'),
('226','6','26','2009-12-10 21:47:01'),
('227','7','27','1978-05-25 22:32:43'),
('228','8','28','1998-12-17 20:16:04'),
('229','9','29','2019-02-19 09:49:46'),
('230','10','30','2007-03-14 01:26:40'),
('231','1','31','2010-07-23 00:32:14'),
('232','2','32','2000-02-27 00:57:49'),
('233','3','33','1983-05-06 13:39:08'),
('234','4','34','1984-07-09 11:28:55'),
('235','5','35','1995-09-22 06:53:47'),
('236','6','36','2014-03-25 04:13:27'),
('237','7','37','2009-01-21 11:40:42'),
('238','8','38','1982-11-15 10:39:01'),
('239','9','39','2007-02-06 22:51:09'),
('240','10','40','1991-12-27 12:20:21'),
('241','1','41','1999-08-29 19:55:16'),
('242','2','42','2011-06-05 18:19:47'),
('243','3','43','1990-12-06 14:43:55'),
('244','4','44','2007-02-23 18:48:07'),
('245','5','45','1982-11-11 21:50:23'),
('246','6','46','1986-08-06 04:06:57'),
('247','7','47','1999-05-03 02:15:18'),
('248','8','48','1988-01-31 14:03:02'),
('249','9','49','1982-02-24 17:09:55'),
('250','10','50','2012-01-23 01:02:19'),
('251','1','51','1977-06-09 12:16:15'),
('252','2','52','2005-11-04 21:54:20'),
('253','3','53','1993-10-31 03:49:34'),
('254','4','54','2015-05-29 08:17:38'),
('255','5','55','1977-08-27 11:36:52'),
('256','6','56','1978-05-04 03:21:07'),
('257','7','57','1986-07-29 17:13:16'),
('258','8','58','1985-04-10 20:37:02'),
('259','9','59','1973-05-24 23:40:26'),
('260','10','60','2015-08-23 13:14:21'),
('261','1','61','1971-07-06 11:34:18'),
('262','2','62','1991-12-28 03:24:56'),
('263','3','63','1987-10-01 22:43:53'),
('264','4','64','2005-08-10 11:11:23'),
('265','5','65','2002-06-20 23:00:35'),
('266','6','66','2008-09-14 16:58:29'),
('267','7','67','2016-05-30 05:52:27'),
('268','8','68','1989-10-14 04:38:39'),
('269','9','69','1983-07-09 18:23:00'),
('270','10','70','1971-01-27 10:37:50'),
('271','1','71','2009-06-12 06:13:06'),
('272','2','72','1976-07-22 04:40:44'),
('273','3','73','1986-10-25 22:23:01'),
('274','4','74','2001-04-07 23:02:54'),
('275','5','75','1991-01-09 23:14:50'),
('276','6','76','2016-09-15 19:18:28'),
('277','7','77','1980-09-30 07:32:01'),
('278','8','78','2001-11-07 19:52:40'),
('279','9','79','2002-09-15 07:13:03'),
('280','10','80','2016-09-22 11:29:23'),
('281','1','81','2003-08-04 07:24:19'),
('282','2','82','1975-06-09 14:00:14'),
('283','3','83','1996-02-13 07:21:54'),
('284','4','84','1999-02-01 13:54:24'),
('285','5','85','1977-08-15 23:50:41'),
('286','6','86','1990-10-18 01:27:34'),
('287','7','87','1989-09-21 11:38:27'),
('288','8','88','2014-06-26 23:18:38'),
('289','9','89','2006-06-22 12:05:27'),
('290','10','90','1975-12-14 23:05:33'),
('291','1','91','1977-06-27 15:37:29'),
('292','2','92','1971-01-10 08:20:55'),
('293','3','93','1979-10-20 01:14:03'),
('294','4','94','1978-08-12 14:34:38'),
('295','5','95','1984-07-16 12:04:49'),
('296','6','96','1980-04-18 23:07:38'),
('297','7','97','1985-10-19 04:27:20'),
('298','8','98','1978-02-09 12:58:49'),
('299','9','99','1973-02-04 17:13:31'),
('300','10','100','1990-11-28 08:33:38'); 


DROP TABLE IF EXISTS `ordered_products`;
CREATE TABLE `ordered_products` (
  `order_id` bigint(20) unsigned NOT NULL,
  `product_id` bigint(20) unsigned NOT NULL,
  `count_product` int(10) unsigned NOT NULL,
  PRIMARY KEY (`order_id`,`product_id`),
  KEY `supply_idx` (`order_id`),
  KEY `supplier_idx` (`product_id`),
  CONSTRAINT `ordered_products_ibfk_1` FOREIGN KEY (`order_id`) REFERENCES `orders` (`id`),
  CONSTRAINT `ordered_products_ibfk_2` FOREIGN KEY (`product_id`) REFERENCES `products` (`id`)
) ENGINE=InnoDB DEFAULT CHARSET=utf8 COLLATE=utf8_unicode_ci;

INSERT INTO `ordered_products` VALUES ('1','1','4'),
('1','101','8'),
('2','2','5'),
('2','102','2'),
('3','3','1'),
('3','103','2'),
('4','4','1'),
('4','104','4'),
('5','5','1'),
('5','105','9'),
('6','6','5'),
('6','106','5'),
('7','7','8'),
('7','107','5'),
('8','8','4'),
('8','108','6'),
('9','9','7'),
('9','109','7'),
('10','10','9'),
('10','110','2'),
('11','11','9'),
('11','111','4'),
('12','12','1'),
('12','112','1'),
('13','13','1'),
('13','113','1'),
('14','14','8'),
('14','114','6'),
('15','15','2'),
('15','115','8'),
('16','16','3'),
('16','116','3'),
('17','17','6'),
('17','117','8'),
('18','18','8'),
('18','118','5'),
('19','19','2'),
('19','119','4'),
('20','20','8'),
('20','120','2'),
('21','21','9'),
('21','121','4'),
('22','22','5'),
('22','122','3'),
('23','23','4'),
('23','123','1'),
('24','24','8'),
('24','124','9'),
('25','25','7'),
('25','125','4'),
('26','26','6'),
('26','126','4'),
('27','27','9'),
('27','127','1'),
('28','28','4'),
('28','128','6'),
('29','29','8'),
('29','129','9'),
('30','30','7'),
('30','130','5'),
('31','31','9'),
('31','131','6'),
('32','32','3'),
('32','132','3'),
('33','33','3'),
('33','133','1'),
('34','34','4'),
('34','134','1'),
('35','35','2'),
('35','135','7'),
('36','36','2'),
('36','136','8'),
('37','37','1'),
('37','137','6'),
('38','38','9'),
('38','138','5'),
('39','39','4'),
('39','139','2'),
('40','40','9'),
('40','140','6'),
('41','41','7'),
('41','141','6'),
('42','42','2'),
('42','142','9'),
('43','43','8'),
('43','143','6'),
('44','44','1'),
('44','144','6'),
('45','45','9'),
('45','145','8'),
('46','46','5'),
('46','146','9'),
('47','47','1'),
('47','147','4'),
('48','48','4'),
('48','148','5'),
('49','49','8'),
('49','149','5'),
('50','50','8'),
('50','150','2'),
('51','51','8'),
('51','151','9'),
('52','52','3'),
('52','152','7'),
('53','53','6'),
('53','153','9'),
('54','54','3'),
('54','154','6'),
('55','55','5'),
('55','155','9'),
('56','56','1'),
('56','156','7'),
('57','57','3'),
('57','157','7'),
('58','58','1'),
('58','158','5'),
('59','59','9'),
('59','159','1'),
('60','60','6'),
('60','160','2'),
('61','61','5'),
('61','161','5'),
('62','62','7'),
('62','162','5'),
('63','63','9'),
('63','163','8'),
('64','64','8'),
('64','164','9'),
('65','65','1'),
('65','165','2'),
('66','66','4'),
('66','166','5'),
('67','67','5'),
('67','167','7'),
('68','68','6'),
('68','168','8'),
('69','69','7'),
('69','169','9'),
('70','70','4'),
('70','170','1'),
('71','71','1'),
('71','171','8'),
('72','72','7'),
('72','172','7'),
('73','73','9'),
('73','173','2'),
('74','74','3'),
('74','174','9'),
('75','75','9'),
('75','175','9'),
('76','76','8'),
('76','176','7'),
('77','77','6'),
('77','177','7'),
('78','78','5'),
('78','178','4'),
('79','79','8'),
('79','179','4'),
('80','80','4'),
('80','180','4'),
('81','81','1'),
('81','181','5'),
('82','82','6'),
('82','182','3'),
('83','83','7'),
('83','183','7'),
('84','84','4'),
('84','184','6'),
('85','85','8'),
('85','185','8'),
('86','86','8'),
('86','186','7'),
('87','87','6'),
('87','187','1'),
('88','88','9'),
('88','188','6'),
('89','89','4'),
('89','189','7'),
('90','90','9'),
('90','190','5'),
('91','91','8'),
('91','191','6'),
('92','92','9'),
('92','192','1'),
('93','93','6'),
('93','193','9'),
('94','94','7'),
('94','194','7'),
('95','95','7'),
('95','195','6'),
('96','96','9'),
('96','196','4'),
('97','97','2'),
('97','197','2'),
('98','98','5'),
('98','198','9'),
('99','99','4'),
('99','199','2'),
('100','100','5'),
('100','200','9'),
('101','1','4'),
('101','101','5'),
('102','2','9'),
('102','102','3'),
('103','3','3'),
('103','103','2'),
('104','4','4'),
('104','104','5'),
('105','5','9'),
('105','105','7'),
('106','6','4'),
('106','106','3'),
('107','7','6'),
('107','107','9'),
('108','8','7'),
('108','108','8'),
('109','9','3'),
('109','109','5'),
('110','10','3'),
('110','110','2'),
('111','11','4'),
('111','111','2'),
('112','12','6'),
('112','112','3'),
('113','13','7'),
('113','113','6'),
('114','14','5'),
('114','114','8'),
('115','15','6'),
('115','115','9'),
('116','16','3'),
('116','116','2'),
('117','17','9'),
('117','117','2'),
('118','18','7'),
('118','118','9'),
('119','19','8'),
('119','119','2'),
('120','20','4'),
('120','120','1'),
('121','21','3'),
('121','121','6'),
('122','22','6'),
('122','122','2'),
('123','23','3'),
('123','123','4'),
('124','24','4'),
('124','124','4'),
('125','25','4'),
('125','125','6'),
('126','26','6'),
('126','126','9'),
('127','27','6'),
('127','127','5'),
('128','28','2'),
('128','128','3'),
('129','29','6'),
('129','129','5'),
('130','30','9'),
('130','130','5'),
('131','31','3'),
('131','131','5'),
('132','32','5'),
('132','132','7'),
('133','33','1'),
('133','133','4'),
('134','34','8'),
('134','134','7'),
('135','35','2'),
('135','135','3'),
('136','36','8'),
('136','136','7'),
('137','37','4'),
('137','137','8'),
('138','38','5'),
('138','138','6'),
('139','39','5'),
('139','139','1'),
('140','40','1'),
('140','140','3'),
('141','41','6'),
('141','141','4'),
('142','42','8'),
('142','142','6'),
('143','43','8'),
('143','143','1'),
('144','44','4'),
('144','144','9'),
('145','45','1'),
('145','145','4'),
('146','46','4'),
('146','146','8'),
('147','47','7'),
('147','147','1'),
('148','48','4'),
('148','148','1'),
('149','49','6'),
('149','149','3'),
('150','50','4'),
('150','150','7'),
('151','51','3'),
('151','151','6'),
('152','52','1'),
('152','152','1'),
('153','53','6'),
('153','153','1'),
('154','54','5'),
('154','154','1'),
('155','55','1'),
('155','155','3'),
('156','56','5'),
('156','156','1'),
('157','57','1'),
('157','157','5'),
('158','58','2'),
('158','158','2'),
('159','59','5'),
('159','159','8'),
('160','60','7'),
('160','160','9'),
('161','61','7'),
('161','161','9'),
('162','62','1'),
('162','162','5'),
('163','63','4'),
('163','163','1'),
('164','64','3'),
('164','164','9'),
('165','65','3'),
('165','165','1'),
('166','66','6'),
('166','166','2'),
('167','67','4'),
('167','167','3'),
('168','68','6'),
('168','168','8'),
('169','69','9'),
('169','169','9'),
('170','70','1'),
('170','170','3'),
('171','71','7'),
('171','171','2'),
('172','72','7'),
('172','172','2'),
('173','73','3'),
('173','173','1'),
('174','74','8'),
('174','174','2'),
('175','75','4'),
('175','175','2'),
('176','76','4'),
('176','176','8'),
('177','77','5'),
('177','177','6'),
('178','78','8'),
('178','178','1'),
('179','79','9'),
('179','179','7'),
('180','80','4'),
('180','180','2'),
('181','81','9'),
('181','181','7'),
('182','82','9'),
('182','182','5'),
('183','83','9'),
('183','183','6'),
('184','84','6'),
('184','184','1'),
('185','85','7'),
('185','185','6'),
('186','86','6'),
('186','186','1'),
('187','87','5'),
('187','187','3'),
('188','88','3'),
('188','188','3'),
('189','89','6'),
('189','189','7'),
('190','90','9'),
('190','190','1'),
('191','91','4'),
('191','191','9'),
('192','92','5'),
('192','192','2'),
('193','93','1'),
('193','193','3'),
('194','94','1'),
('194','194','8'),
('195','95','5'),
('195','195','8'),
('196','96','7'),
('196','196','2'),
('197','97','4'),
('197','197','7'),
('198','98','4'),
('198','198','5'),
('199','99','4'),
('199','199','4'),
('200','100','3'),
('200','200','5'),
('201','1','8'),
('202','2','8'),
('203','3','1'),
('204','4','7'),
('205','5','8'),
('206','6','4'),
('207','7','7'),
('208','8','3'),
('209','9','5'),
('210','10','4'),
('211','11','7'),
('212','12','4'),
('213','13','5'),
('214','14','5'),
('215','15','3'),
('216','16','8'),
('217','17','9'),
('218','18','9'),
('219','19','2'),
('220','20','8'),
('221','21','2'),
('222','22','1'),
('223','23','8'),
('224','24','8'),
('225','25','9'),
('226','26','9'),
('227','27','2'),
('228','28','5'),
('229','29','5'),
('230','30','9'),
('231','31','9'),
('232','32','6'),
('233','33','8'),
('234','34','1'),
('235','35','6'),
('236','36','5'),
('237','37','8'),
('238','38','4'),
('239','39','5'),
('240','40','5'),
('241','41','7'),
('242','42','6'),
('243','43','2'),
('244','44','4'),
('245','45','9'),
('246','46','3'),
('247','47','9'),
('248','48','5'),
('249','49','2'),
('250','50','7'),
('251','51','6'),
('252','52','2'),
('253','53','7'),
('254','54','8'),
('255','55','3'),
('256','56','1'),
('257','57','9'),
('258','58','2'),
('259','59','9'),
('260','60','5'),
('261','61','8'),
('262','62','5'),
('263','63','3'),
('264','64','9'),
('265','65','6'),
('266','66','9'),
('267','67','5'),
('268','68','7'),
('269','69','7'),
('270','70','5'),
('271','71','7'),
('272','72','7'),
('273','73','8'),
('274','74','9'),
('275','75','4'),
('276','76','1'),
('277','77','8'),
('278','78','1'),
('279','79','1'),
('280','80','4'),
('281','81','9'),
('282','82','2'),
('283','83','3'),
('284','84','8'),
('285','85','3'),
('286','86','1'),
('287','87','6'),
('288','88','8'),
('289','89','4'),
('290','90','4'),
('291','91','2'),
('292','92','6'),
('293','93','9'),
('294','94','8'),
('295','95','6'),
('296','96','7'),
('297','97','2'),
('298','98','4'),
('299','99','1'),
('300','100','3'); 


DROP TABLE IF EXISTS `status_order`;
CREATE TABLE `status_order` (
  `order_id` bigint(20) unsigned NOT NULL,
  `paid` tinyint(1) DEFAULT 0,
  `deliver` tinyint(1) DEFAULT 0,
  PRIMARY KEY (`order_id`),
  KEY `supply_idx` (`order_id`),
  CONSTRAINT `status_order_ibfk_1` FOREIGN KEY (`order_id`) REFERENCES `orders` (`id`)
) ENGINE=InnoDB DEFAULT CHARSET=utf8 COLLATE=utf8_unicode_ci;

INSERT INTO `status_order` VALUES ('1','0','1'),
('2','1','1'),
('3','1','0'),
('4','0','0'),
('5','1','1'),
('6','1','0'),
('7','1','1'),
('8','0','0'),
('9','1','0'),
('10','1','0'),
('11','0','0'),
('12','0','1'),
('13','1','1'),
('14','1','0'),
('15','0','0'),
('16','1','1'),
('17','0','1'),
('18','1','0'),
('19','1','0'),
('20','0','0'),
('21','1','0'),
('22','0','1'),
('23','0','1'),
('24','0','1'),
('25','1','1'),
('26','1','0'),
('27','0','0'),
('28','0','0'),
('29','1','1'),
('30','1','1'),
('31','1','1'),
('32','1','1'),
('33','0','0'),
('34','1','1'),
('35','0','0'),
('36','1','1'),
('37','1','1'),
('38','1','0'),
('39','0','1'),
('40','1','1'),
('41','0','1'),
('42','1','0'),
('43','0','0'),
('44','1','0'),
('45','0','1'),
('46','1','1'),
('47','0','0'),
('48','0','1'),
('49','0','0'),
('50','1','1'),
('51','1','1'),
('52','0','0'),
('53','0','1'),
('54','0','0'),
('55','1','0'),
('56','1','0'),
('57','0','0'),
('58','0','1'),
('59','1','1'),
('60','1','0'),
('61','1','0'),
('62','1','0'),
('63','1','1'),
('64','1','0'),
('65','0','1'),
('66','0','0'),
('67','1','0'),
('68','1','0'),
('69','1','1'),
('70','0','1'),
('71','0','1'),
('72','1','1'),
('73','0','0'),
('74','1','0'),
('75','1','0'),
('76','1','1'),
('77','0','1'),
('78','0','0'),
('79','1','0'),
('80','0','1'),
('81','1','1'),
('82','1','0'),
('83','0','1'),
('84','0','1'),
('85','0','0'),
('86','0','0'),
('87','1','1'),
('88','1','0'),
('89','1','1'),
('90','0','1'),
('91','1','0'),
('92','0','1'),
('93','1','0'),
('94','1','1'),
('95','0','0'),
('96','1','0'),
('97','1','0'),
('98','0','1'),
('99','1','0'),
('100','1','1'),
('101','1','1'),
('102','1','1'),
('103','0','0'),
('104','1','0'),
('105','0','1'),
('106','1','0'),
('107','1','0'),
('108','1','1'),
('109','0','0'),
('110','1','1'),
('111','1','0'),
('112','1','1'),
('113','0','0'),
('114','0','1'),
('115','1','0'),
('116','1','0'),
('117','0','1'),
('118','1','1'),
('119','0','0'),
('120','0','1'),
('121','0','1'),
('122','1','1'),
('123','0','1'),
('124','1','0'),
('125','1','1'),
('126','0','1'),
('127','0','1'),
('128','1','1'),
('129','0','1'),
('130','0','0'),
('131','1','0'),
('132','1','0'),
('133','1','0'),
('134','0','1'),
('135','0','0'),
('136','1','0'),
('137','0','0'),
('138','0','0'),
('139','0','0'),
('140','1','1'),
('141','0','1'),
('142','0','0'),
('143','0','0'),
('144','1','1'),
('145','0','1'),
('146','0','0'),
('147','1','1'),
('148','1','0'),
('149','0','1'),
('150','0','1'),
('151','1','1'),
('152','0','1'),
('153','1','0'),
('154','0','0'),
('155','0','1'),
('156','0','1'),
('157','1','0'),
('158','0','0'),
('159','0','1'),
('160','1','1'),
('161','1','1'),
('162','1','0'),
('163','0','0'),
('164','1','1'),
('165','1','0'),
('166','1','0'),
('167','0','0'),
('168','1','0'),
('169','1','0'),
('170','0','0'),
('171','0','0'),
('172','0','1'),
('173','0','0'),
('174','0','0'),
('175','0','0'),
('176','0','0'),
('177','0','1'),
('178','1','0'),
('179','0','0'),
('180','0','1'),
('181','1','1'),
('182','0','0'),
('183','1','1'),
('184','1','1'),
('185','1','1'),
('186','0','0'),
('187','0','0'),
('188','1','0'),
('189','1','1'),
('190','0','0'),
('191','1','0'),
('192','1','0'),
('193','1','1'),
('194','1','1'),
('195','1','0'),
('196','0','0'),
('197','1','0'),
('198','0','0'),
('199','0','1'),
('200','0','1'),
('201','0','0'),
('202','1','0'),
('203','0','0'),
('204','0','0'),
('205','0','0'),
('206','0','1'),
('207','1','0'),
('208','0','1'),
('209','0','0'),
('210','1','1'),
('211','0','0'),
('212','0','1'),
('213','1','1'),
('214','1','1'),
('215','1','1'),
('216','0','0'),
('217','0','0'),
('218','0','1'),
('219','1','1'),
('220','1','1'),
('221','1','1'),
('222','0','0'),
('223','0','1'),
('224','0','1'),
('225','0','0'),
('226','0','1'),
('227','0','1'),
('228','0','0'),
('229','1','1'),
('230','1','0'),
('231','0','1'),
('232','1','0'),
('233','0','1'),
('234','1','1'),
('235','0','0'),
('236','0','1'),
('237','1','0'),
('238','1','0'),
('239','0','0'),
('240','0','0'),
('241','1','0'),
('242','1','0'),
('243','0','1'),
('244','1','0'),
('245','0','0'),
('246','0','0'),
('247','0','0'),
('248','0','1'),
('249','0','0'),
('250','0','0'),
('251','0','1'),
('252','0','1'),
('253','0','0'),
('254','0','1'),
('255','0','1'),
('256','0','1'),
('257','1','0'),
('258','0','0'),
('259','1','1'),
('260','1','0'),
('261','0','1'),
('262','0','0'),
('263','0','1'),
('264','0','1'),
('265','0','1'),
('266','0','0'),
('267','0','1'),
('268','1','1'),
('269','0','0'),
('270','0','0'),
('271','1','0'),
('272','0','0'),
('273','0','0'),
('274','1','1'),
('275','0','0'),
('276','0','1'),
('277','1','1'),
('278','0','0'),
('279','1','0'),
('280','0','0'),
('281','0','1'),
('282','1','1'),
('283','1','1'),
('284','0','0'),
('285','0','0'),
('286','0','1'),
('287','1','1'),
('288','1','0'),
('289','0','0'),
('290','0','1'),
('291','0','1'),
('292','0','1'),
('293','0','0'),
('294','0','0'),
('295','1','0'),
('296','0','0'),
('297','0','1'),
('298','1','0'),
('299','0','1'),
('300','1','0'); 